,sigma,q,set,ntest,regressor,r_squared,BH_res_fdp,BH_res_power,BH_res_nsel,BH_rel_fdp,BH_rel_power,BH_rel_nsel,BH_2clip_fdp,BH_2clip_power,BH_2clip_nsel,Bonf_fdp,Bonf_power,Bonf_nsel
0,0.1,0.1,1,10,gbr,0.8121673290647461,0.0,0.0,0.0,0.05561904761904762,0.9709761904761904,5.49,0.09502777777777777,0.9804166666666667,5.81,0.030428571428571426,0.9398690476190477,5.14
1,0.1,0.1,1,100,gbr,0.8742264608485315,0.0,0.0,0.0,0.04622866196704017,0.9838678897956307,51.23,0.0921670041046992,0.9931730036176607,54.38,0.000669495076471819,0.6365288947382554,31.63
2,0.1,0.1,1,500,gbr,0.8452082977877157,0.0,0.0,0.0,0.04708078513257826,0.9719196506261268,255.3,0.09489620208839711,0.9857765837198015,272.67,0.003251816239316237,0.12426530431987548,31.14
3,0.1,0.1,1,1000,gbr,0.8432911337385929,0.0,0.0,0.0,0.04841441235974239,0.9622694043963267,507.15,0.09648049409536939,0.9833378307415154,545.65,0.007537935061843293,0.06152887282604166,30.9
4,0.1,0.1,2,10,gbr,0.5281450051997677,0.003222222222222222,0.2058888888888889,1.94,0.01787301587301587,0.9241031746031746,7.99,0.11640079365079366,1.0,9.57,0.017706349206349205,0.9166825396825397,7.89
5,0.1,0.1,2,100,gbr,0.6905385364050944,0.0007202974577736779,0.045257322033003165,4.07,0.014072727840934907,0.9288233816926362,81.39,0.09750409512252572,1.0,95.66,0.004539797101221049,0.4136791875354093,35.93
6,0.1,0.1,2,500,gbr,0.7078021712336147,2.680965147453e-05,0.017842964931835723,7.72,0.014543572041226905,0.9225988507858173,403.78,0.1031655428897168,0.9999533797000651,480.83,0.006276068110535735,0.07463774445454162,32.27
7,0.1,0.1,2,1000,gbr,0.7117045230160257,0.00023943436204735101,0.026901793563265636,23.52,0.014013153217649139,0.9261737662637113,810.88,0.10153478699737546,0.9997791859797235,960.4,0.0051462918853261075,0.04252095834907602,36.85
8,0.1,0.1,5,10,gbr,-0.08200149788039658,0.0,0.0,0.0,0.045,0.06003571428571428,0.42,0.08116666666666666,0.1116547619047619,0.79,0.08,0.06263095238095237,0.46
9,0.1,0.1,5,100,gbr,0.027403073154168515,0.0,0.0,0.0,0.034,0.011314216125489503,0.68,0.07734676434676435,0.0330237327387847,2.06,0.04,0.007984978364764597,0.48
10,0.1,0.1,5,500,gbr,0.04268501118774983,0.0,0.0,0.0,0.05547702297702298,0.005618305874685941,1.69,0.09062126456090872,0.016982047071236607,5.33,0.05366666666666666,0.00173608695854256,0.54
11,0.1,0.1,5,1000,gbr,0.03338001656537954,0.0,0.0,0.0,0.034164002664002664,0.002504048659780514,1.44,0.08914537802382078,0.013366395574182111,8.13,0.06833333333333333,0.000779261812948497,0.49
12,0.1,0.1,6,10,gbr,0.35771201859744445,0.0,0.0,0.0,0.10483333333333332,0.3654642857142857,1.61,0.13254761904761905,0.45429761904761906,2.05,0.11083333333333334,0.3177261904761905,1.28
13,0.1,0.1,6,100,gbr,0.4656850149493685,0.0,0.0,0.0,0.08603902510161983,0.25259332246256394,8.96,0.1105355010228849,0.36838538905505996,13.48,0.04086904761904762,0.07016633480969349,2.32
14,0.1,0.1,6,500,gbr,0.4835557434016533,0.0,0.0,0.0,0.06711672654979577,0.24407564967921944,42.41,0.09759405384453919,0.3450364200827267,61.84,0.041095238095238094,0.014323512391111702,2.41
15,0.1,0.1,6,1000,gbr,0.48349288655910355,0.0,0.0,0.0,0.055537275000345554,0.20723456776270094,70.37,0.08983272268422747,0.3075069572568051,107.45,0.026595238095238095,0.007572245200605438,2.5
16,0.1,0.2,1,10,gbr,0.7904269602362759,0.0,0.0,0.0,0.08582142857142855,0.9850714285714285,5.57,0.2009365079365079,0.995,6.5,0.038440476190476185,0.9634761904761905,5.11
17,0.1,0.2,1,100,gbr,0.8445307866495945,0.0,0.0,0.0,0.10513603240489391,0.9745198919747992,55.32,0.19723583458131763,0.9895537179994772,62.68,0.002875119907607536,0.8155473552338134,41.42
18,0.1,0.2,1,500,gbr,0.8326564139596835,0.0,0.0,0.0,0.10012334709459561,0.9768589867802291,272.81,0.20121319966631274,0.9920504272886562,312.29,0.006814926281054385,0.27862722770402154,69.97
19,0.1,0.2,1,1000,gbr,0.857069194541159,0.0,0.0,0.0,0.09720388887075514,0.9851323054497861,545.94,0.19715631481101778,0.9934818540152797,619.2,0.003826645106913576,0.13628779409516156,68.59
20,0.1,0.2,2,10,gbr,0.5997444467332781,0.0389563492063492,0.9802103174603175,8.8,0.02444047619047619,0.9780912698412699,8.62,0.141,1.0,10.0,0.023551587301587303,0.9716468253968255,8.55
21,0.1,0.2,2,100,gbr,0.7082075982100506,0.04090905894583941,0.9897004568034672,89.44,0.027349331330009243,0.976234729685461,86.99,0.1335,1.0,100.0,0.0043332376008954395,0.6113521719498223,53.16
22,0.1,0.2,2,500,gbr,0.7039660964851511,0.0428984565485937,0.9887109977913853,445.97,0.027799339358235794,0.9725773300296477,431.86,0.1367,1.0,500.0,0.001681880176759108,0.1492462216707294,64.54
23,0.1,0.2,2,1000,gbr,0.711910249610994,0.043183137407949684,0.988873403508328,890.77,0.029076183598830827,0.9752227971792082,865.69,0.13819,1.0,1000.0,0.004330184048431966,0.07954280662136036,68.87
24,0.1,0.2,5,10,gbr,-0.06229689846473173,0.0,0.0,0.0,0.11933333333333333,0.09454761904761905,0.66,0.20758333333333334,0.26452380952380955,1.91,0.15166666666666667,0.10390476190476189,0.66
25,0.1,0.2,5,100,gbr,0.028888969843759174,0.0,0.0,0.0,0.09723471567991691,0.054746200540001254,3.49,0.17942079006804323,0.15657701188439488,10.58,0.13833333333333334,0.015756934105596337,1.02
26,0.1,0.2,5,500,gbr,0.0382861656537398,0.0,0.0,0.0,0.06793155273844928,0.015890032355897896,4.9,0.20106751362430966,0.08742178792212581,29.44,0.08945238095238095,0.004213248807094195,1.27
27,0.1,0.2,5,1000,gbr,0.03631373363897852,0.0,0.0,0.0,0.08648363651534083,0.014792900087401339,9.12,0.19989783473490724,0.08675122357200488,57.55,0.08007575757575758,0.001681866509455568,0.98
28,0.1,0.2,6,10,gbr,0.4194203120329702,0.0,0.0,0.0,0.11169047619047619,0.5618809523809524,2.36,0.1594047619047619,0.7073452380952381,3.31,0.07733333333333334,0.4331904761904762,1.58
29,0.1,0.2,6,100,gbr,0.4640663996480939,0.0,0.0,0.0,0.13822577729269617,0.4570353981025944,18.04,0.20341106719734894,0.6000386754970326,25.46,0.03895743145743145,0.12798021939301352,4.36
30,0.1,0.2,6,500,gbr,0.47476931279211326,0.0,0.0,0.0,0.1339592118002889,0.41938102601064764,78.18,0.20085168640453252,0.5981364246768585,120.48,0.029165556665556664,0.025590813566978322,4.26
31,0.1,0.2,6,1000,gbr,0.4802990660181984,0.0,0.0,0.0,0.13068888503942808,0.41951380095837776,155.77,0.19768069005212616,0.6036290518342529,241.64,0.03400901875901876,0.013328353061916851,4.47
32,0.1,0.5,1,10,gbr,0.8060380775829539,0.29100000000000004,0.55,5.5,0.2672380952380952,1.0,6.72,0.5037738095238096,1.0,9.83,0.10065079365079364,0.9925,5.36
33,0.1,0.5,1,100,gbr,0.8371627312669716,0.2463,0.49,49.0,0.2518986570466698,0.9943362467180569,65.53,0.5021246194732439,1.0,98.78,0.014037493838137027,0.9003639225063513,44.95
34,0.1,0.5,1,500,gbr,0.8395674917198734,0.2155,0.43,215.0,0.24851114808119956,0.9943486169933567,331.74,0.49238360267350634,0.9999619771863117,493.64,0.0032447123791241273,0.6765723130510949,170.49
35,0.1,0.5,1,1000,gbr,0.8500804503241938,0.22572,0.45,450.0,0.250600676099728,0.9957336942407043,665.23,0.4936169724038175,0.9999799599198397,988.33,0.00290871583118888,0.32324074243411616,161.89
36,0.1,0.5,2,10,gbr,0.5175378799109197,0.14,1.0,10.0,0.06438095238095239,0.9968888888888888,9.17,0.14,1.0,10.0,0.052853174603174596,0.9945277777777778,9.02
37,0.1,0.5,2,100,gbr,0.7061700649957078,0.1388,1.0,100.0,0.06937747792683703,0.9978463088020181,92.35,0.1388,1.0,100.0,0.006899710763384281,0.8421915112096774,73.01
38,0.1,0.5,2,500,gbr,0.7089465237767008,0.13536,1.0,500.0,0.0676182312552879,0.998241316209254,462.88,0.13536,1.0,500.0,0.0042543876570348485,0.4404690322568006,190.74
39,0.1,0.5,2,1000,gbr,0.719134901831456,0.13555999999999999,1.0,1000.0,0.06832623693228917,0.9979159016064487,925.95,0.13555999999999999,1.0,1000.0,0.003753378924556463,0.23238623399053224,201.35
40,0.1,0.5,5,10,gbr,-0.11222393276523521,0.006285714285714286,0.01595238095238095,0.15,0.24385714285714286,0.2816626984126984,2.42,0.49928571428571433,0.998,9.93,0.25616666666666665,0.21833730158730158,1.69
41,0.1,0.5,5,100,gbr,0.018926029456792195,0.0,0.0,0.0,0.24960343364522722,0.20769156629233873,15.33,0.49317004883754045,0.9897247170769414,97.94,0.22757142857142856,0.03687512148676065,2.49
42,0.1,0.5,5,500,gbr,0.037597468764382615,0.0,0.0,0.0,0.2496902337026329,0.1831529844884702,63.62,0.49722120829979116,0.993115260419593,492.46,0.1276809163059163,0.010333685660985385,3.0
43,0.1,0.5,5,1000,gbr,0.03698274882989374,0.0,0.0,0.0,0.24360506327395026,0.177024941957082,124.17,0.49269933697561763,0.9895993805602052,979.16,0.11101343101343102,0.0045226608965047,2.66
44,0.1,0.5,6,10,gbr,0.3285184020508604,0.0,0.0,0.0,0.3763690476190476,0.8359047619047619,5.01,0.5014206349206349,0.9316666666666668,6.8,0.21554761904761904,0.6223571428571428,2.59
45,0.1,0.5,6,100,gbr,0.47184893414705376,0.0,0.0,0.0,0.34510820471941595,0.8761177198842097,42.28,0.4993630115136536,0.9795828323267628,61.64,0.058455653823300875,0.21428521479033624,7.13
46,0.1,0.5,6,500,gbr,0.4868308060054971,0.0,0.0,0.0,0.3378944932469395,0.8810259707127556,212.82,0.49657823577869914,0.9853322608419723,313.06,0.035801387716802135,0.076844994498469,12.7
47,0.1,0.5,6,1000,gbr,0.47817183324919854,0.0,0.0,0.0,0.34046694230019064,0.8708664816819698,419.66,0.5006724435440941,0.9827551350665479,624.11,0.02835829363800622,0.038989440142455686,12.8
48,0.2,0.1,1,10,gbr,0.7876554508150995,0.0,0.0,0.0,0.05676984126984126,0.9617857142857144,5.2,0.11095238095238096,0.9688809523809523,5.58,0.0303015873015873,0.9342222222222222,4.88
49,0.2,0.1,1,100,gbr,0.8469412225515286,0.0,0.0,0.0,0.050352321394640596,0.9786175665233724,50.92,0.10021546982306527,0.986571601067178,54.22,0.0038959877590428373,0.6790976014568925,33.47
50,0.2,0.1,1,500,gbr,0.8397695812539205,0.0,0.0,0.0,0.05084470544876062,0.9643012302969595,252.73,0.10307331730932102,0.9786536794994244,271.42,0.0018037852412042179,0.12669000941494665,31.57
51,0.2,0.1,1,1000,gbr,0.8129629306481111,0.0,0.0,0.0,0.049770411001002914,0.9429985037113611,495.69,0.09731308353598392,0.9642742308916341,534.38,0.0045258059103095395,0.06562063299934913,32.98
52,0.2,0.1,2,10,gbr,0.5126543429689812,0.001,0.087,0.83,0.01451190476190476,0.9005833333333334,7.89,0.10086111111111112,1.0,9.62,0.01269047619047619,0.893984126984127,7.81
53,0.2,0.1,2,100,gbr,0.6856669561150821,0.0,0.018286821705426358,1.61,0.011647425256933268,0.8995083648641046,78.71,0.09769240179053364,0.9996478900503292,95.83,0.0013826106689009902,0.3010033048872682,26.15
54,0.2,0.1,2,500,gbr,0.6707659740810411,7.7120822622107e-05,0.008976744186046512,3.89,0.014687634755098425,0.880202244985798,384.33,0.10278471555549898,0.9996048461289435,479.19,0.002252836244215551,0.054929109582886035,23.71
55,0.2,0.1,2,1000,gbr,0.6777529574016438,0.000158730158730158,0.009264367816091953,8.19,0.013628418173816407,0.8861862309400793,773.41,0.10066576623690496,0.999452828599656,956.49,0.0014538763781374588,0.0337449925724707,29.18
56,0.2,0.1,5,10,gbr,-0.15389413426412843,0.0,0.0,0.0,0.04166666666666666,0.05155555555555555,0.37,0.09966666666666667,0.12503571428571428,0.91,0.065,0.06827380952380951,0.47
57,0.2,0.1,5,100,gbr,0.02590421588144047,0.0,0.0,0.0,0.05255555555555556,0.009958493924459503,0.62,0.10628257853257854,0.037669102672168366,2.42,0.06166666666666666,0.006546245191249216,0.41
58,0.2,0.1,5,500,gbr,0.03470991812254529,0.0,0.0,0.0,0.07492817460317461,0.007967545523370242,2.34,0.106491129422917,0.02170465027501816,6.61,0.07416666666666666,0.0022407339378035327,0.69
59,0.2,0.1,5,1000,gbr,0.04162153127472866,0.0,0.0,0.0,0.03897735062924691,0.003335346892144954,1.99,0.10420422922997227,0.013739654470318673,8.64,0.0575,0.000938034448825182,0.55
60,0.2,0.1,6,10,gbr,0.3220231310321124,0.0,0.0,0.0,0.07633333333333332,0.29238095238095235,1.16,0.11199999999999999,0.35404761904761906,1.5,0.07333333333333333,0.22228571428571428,0.8
61,0.2,0.1,6,100,gbr,0.4091781794070413,0.0,0.0,0.0,0.06656731993496699,0.1593524514497791,5.79,0.1182774826738449,0.2730767705638814,10.39,0.030928571428571427,0.05118251375702387,1.74
62,0.2,0.1,6,500,gbr,0.4281409598932281,0.0,0.0,0.0,0.07133001118681888,0.15463848150103804,27.6,0.11654343765561517,0.24943695700865517,45.95,0.014333333333333333,0.013228956397276377,2.2
63,0.2,0.1,6,1000,gbr,0.43350053041788805,0.0,0.0,0.0,0.062305034074861085,0.1423085357329909,50.05,0.0846472078225932,0.23114493129729183,83.86,0.023055555555555555,0.005762495875367024,1.96
64,0.2,0.2,1,10,gbr,0.840146531988617,0.0,0.0,0.0,0.11401984126984126,0.9866666666666667,5.35,0.1848174603174603,0.9966666666666667,5.95,0.04523412698412698,0.968,4.82
65,0.2,0.2,1,100,gbr,0.82133975397703,0.0,0.0,0.0,0.1062931023845832,0.9755417211362516,55.05,0.20795997720704565,0.9900356689601512,63.01,0.006004658388314763,0.7900709927018679,40.05
66,0.2,0.2,1,500,gbr,0.8431921837811553,0.0,0.0,0.0,0.09732494703672445,0.9919550135862102,271.99,0.20049089157083674,0.9968938653123665,308.78,0.001389476542347166,0.27604626032049756,68.51
67,0.2,0.2,1,1000,gbr,0.8436552807826435,0.0,0.0,0.0,0.09780305563382663,0.9716154797368323,539.23,0.1983725378084906,0.9895364596604865,617.13,0.004223236272518881,0.12818072881363668,64.49
68,0.2,0.2,2,10,gbr,0.585654969607941,0.03788888888888889,0.9758611111111111,8.83,0.02,0.9722777777777778,8.6,0.134,1.0,10.0,0.018000000000000002,0.9630555555555556,8.49
69,0.2,0.2,2,100,gbr,0.6457707520791759,0.046637054258862075,0.9844304654279428,89.56,0.02790441726442539,0.9597752919191097,85.62,0.1331,1.0,100.0,0.006726973747426464,0.4695813135814918,40.94
70,0.2,0.2,2,500,gbr,0.6638753470942332,0.048571428652643835,0.9860697666732655,446.24,0.027524190689717867,0.9608628660164701,425.32,0.13907999999999998,1.0,500.0,0.003593850655776723,0.13881159400479606,59.89
71,0.2,0.2,2,1000,gbr,0.6746814562935036,0.045132387228062065,0.9864242417439679,890.29,0.027769770240132906,0.9626133985611662,853.24,0.13829,1.0,1000.0,0.002384389407823066,0.06642754845788956,57.46
72,0.2,0.2,5,10,gbr,-0.10504916835128786,0.0,0.0,0.0,0.10719047619047618,0.09261111111111112,0.71,0.2260714285714286,0.3002936507936508,2.39,0.16416666666666668,0.1058531746031746,0.77
73,0.2,0.2,5,100,gbr,0.040246173374428144,0.0,0.0,0.0,0.11550007182360122,0.041740316043041084,2.72,0.21680582968099504,0.14892932695798697,10.14,0.12366666666666667,0.02061633109230743,1.23
74,0.2,0.2,5,500,gbr,0.02974592254088103,0.0,0.0,0.0,0.10701309412459738,0.01702731463688245,5.49,0.22029556893150762,0.10046707815162638,33.33,0.08900000000000001,0.0037519526312327213,1.09
75,0.2,0.2,5,1000,gbr,0.04067804820082069,0.0,0.0,0.0,0.0880868461661302,0.01466819292769964,9.12,0.20331208186097008,0.0966034600641129,64.15,0.095,0.001679737028279584,1.05
76,0.2,0.2,6,10,gbr,0.35065305365778604,0.0,0.0,0.0,0.12978571428571428,0.5252142857142857,2.25,0.19248809523809524,0.6353095238095238,3.01,0.09033333333333333,0.3866904761904762,1.48
77,0.2,0.2,6,100,gbr,0.4269229952150463,0.0,0.0,0.0,0.11612845257502206,0.3781692221138542,14.56,0.20032441120476566,0.5481058101126001,22.97,0.028178571428571428,0.10750074811803736,3.54
78,0.2,0.2,6,500,gbr,0.4187801265294953,0.0,0.0,0.0,0.13330253076446955,0.3243261224582357,61.37,0.20279117140399078,0.5096778475203748,104.02,0.049207070707070706,0.022061395017594618,3.76
79,0.2,0.2,6,1000,gbr,0.431192826215947,0.0,0.0,0.0,0.13765647757468213,0.3497308669159572,132.85,0.19993987562805465,0.5223426381687859,213.62,0.027049274255156606,0.01368489903672288,4.57
80,0.2,0.5,1,10,gbr,0.8495690660104835,0.188,0.4,4.0,0.24847619047619043,0.9934999999999999,6.7,0.49113888888888885,1.0,9.83,0.08678571428571427,0.9898333333333333,5.39
81,0.2,0.5,1,100,gbr,0.8148092249488766,0.2425,0.49,49.0,0.24583226859644025,0.9902125937622014,65.67,0.4929178037316774,1.0,98.55,0.010029979608900041,0.8925108951797068,45.08
82,0.2,0.5,1,500,gbr,0.8382484998825761,0.28,0.56,280.0,0.2455073676053937,0.993402618231356,330.3,0.4930331993579425,1.0,494.61,0.002746385816670927,0.6819692243519601,171.69
83,0.2,0.5,1,1000,gbr,0.843498133820819,0.25873,0.52,520.0,0.2489709761444571,0.9935341404178452,662.94,0.4932420974585239,0.9998168020952919,988.49,0.00298934034468274,0.37468427069365406,188.54
84,0.2,0.5,2,10,gbr,0.45372234801154293,0.145,1.0,10.0,0.08688888888888888,0.9963888888888889,9.35,0.145,1.0,10.0,0.07081746031746032,0.9928888888888889,9.14
85,0.2,0.5,2,100,gbr,0.6577610696367664,0.1292,1.0,100.0,0.06442474675386992,0.9961799834362298,92.73,0.1292,1.0,100.0,0.005457440376476208,0.7511218037860753,65.73
86,0.2,0.5,2,500,gbr,0.6714657089316114,0.13849999999999998,1.0,500.0,0.06938619094856696,0.9965182660657783,461.3,0.13849999999999998,1.0,500.0,0.0029937033473819504,0.3005632833673535,129.7
87,0.2,0.5,2,1000,gbr,0.671953220491663,0.13864,1.0,1000.0,0.07037179309444168,0.9962166726711098,923.09,0.13864,1.0,1000.0,0.0135850044596479,0.17287697284040074,149.5
88,0.2,0.5,5,10,gbr,-0.03766029037341888,0.00775,0.029761904761904764,0.26,0.2443611111111111,0.379,3.05,0.49233333333333335,0.9926666666666667,9.83,0.2,0.2467261904761905,1.74
89,0.2,0.5,5,100,gbr,0.038852842957333496,0.0,0.0,0.0,0.24027637568219998,0.21628469700624417,15.64,0.4941355867201835,0.9897800474847511,97.87,0.20733333333333334,0.03913667027708145,2.49
90,0.2,0.5,5,500,gbr,0.039216622893170426,0.0,0.0,0.0,0.25450875192935013,0.18856061071580793,65.9,0.4917155188784879,0.9891682459248101,488.77,0.12563492063492063,0.009638171182781667,2.89
91,0.2,0.5,5,1000,gbr,0.03907777305589387,0.0,0.0,0.0,0.2529375264618034,0.17464633701112903,121.04,0.4930575161821602,0.9910463194522313,978.99,0.18810714285714286,0.0038789381213196273,2.57
92,0.2,0.5,6,10,gbr,0.36283102835246056,0.0,0.0,0.0,0.331515873015873,0.8165,4.88,0.4885952380952381,0.953,6.91,0.17516666666666666,0.516547619047619,2.2
93,0.2,0.5,6,100,gbr,0.4329186487644675,0.0,0.0,0.0,0.33562615211554186,0.8258152585446953,41.04,0.5012189681184942,0.9775609844554768,64.03,0.07112579903756373,0.19493525939751483,6.83
94,0.2,0.5,6,500,gbr,0.42641849311882746,0.0,0.0,0.0,0.3407340941229502,0.8209966912748671,203.06,0.4996026266153726,0.9690720336239451,315.43,0.047971828200153784,0.053363241149206646,9.17
95,0.2,0.5,6,1000,gbr,0.4280630407015113,0.0,0.0,0.0,0.33547107761433037,0.8123955378083917,397.98,0.4996490207902081,0.9686741585328958,629.32,0.036222774049339504,0.03044577062922744,10.25
96,0.3,0.1,1,10,gbr,0.7758112157028709,0.0,0.0,0.0,0.0503015873015873,0.9264722222222223,4.84,0.10048015873015873,0.9533809523809523,5.31,0.014166666666666668,0.9032420634920635,4.49
97,0.3,0.1,1,100,gbr,0.8430121381834921,0.0,0.0,0.0,0.049854176112849195,0.9523638839399979,50.27,0.10554568575633917,0.9760594693130095,54.67,0.002821935594788636,0.6562538384294615,33.15
98,0.3,0.1,1,500,gbr,0.8337027587700493,0.0,0.0,0.0,0.04844553740337437,0.965132222167126,250.95,0.10133595345367094,0.9723267701348555,268.16,0.001671538433014795,0.13332954814916337,33.16
99,0.3,0.1,1,1000,gbr,0.8253150889051234,0.0,0.0,0.0,0.049441959708192755,0.9646709806786353,509.47,0.10072775040570908,0.980155727042825,547.11,0.002279438834339014,0.068924999647436,34.74
100,0.3,0.1,2,10,gbr,0.4989713958705545,0.0,0.019,0.19,0.013662698412698411,0.8037936507936507,6.99,0.10541666666666666,0.9976388888888889,9.55,0.012396825396825396,0.8090952380952381,6.99
101,0.3,0.1,2,100,gbr,0.5825487188345225,0.0,0.0,0.0,0.016793408867835504,0.7762423691611169,67.48,0.1061079909077847,0.9978840432951341,95.14,0.0050832961714713625,0.22679834137051658,19.57
102,0.3,0.1,2,500,gbr,0.6070623520188829,0.0,0.0,0.0,0.013664415706305728,0.8003841355069988,348.09,0.09918452423410909,0.9981803282480906,475.2,0.0028025718193843913,0.04625973138882946,19.89
103,0.3,0.1,2,1000,gbr,0.609061570466914,0.0,0.0,0.0,0.014024978151365998,0.7904588429440844,687.6,0.0991820627338883,0.9981883290218581,949.99,0.010560675883256527,0.020664905182807072,17.75
104,0.3,0.1,5,10,gbr,-0.08200686999308518,0.0,0.0,0.0,0.04,0.07513095238095238,0.5,0.07833333333333332,0.12438095238095237,0.86,0.065,0.07370238095238095,0.49
105,0.3,0.1,5,100,gbr,0.04284659298929254,0.0,0.0,0.0,0.07333333333333333,0.00833611739386612,0.54,0.1331031746031746,0.031133838664352667,2.02,0.08833333333333333,0.007743182625318297,0.51
106,0.3,0.1,5,500,gbr,0.030907486440204024,0.0,0.0,0.0,0.0500715003950298,0.006094320546550671,1.92,0.11931363540022283,0.020151504648485835,6.24,0.14416666666666667,0.001829102716826582,0.67
107,0.3,0.1,5,1000,gbr,0.03901677193843649,0.0,0.0,0.0,0.04685714285714285,0.001987442439881881,1.23,0.07903185572333368,0.00993818358342039,6.14,0.02083333333333333,0.000739683246067628,0.41
108,0.3,0.1,6,10,gbr,0.2818416909900326,0.0,0.0,0.0,0.054000000000000006,0.26185714285714284,1.04,0.08240476190476191,0.332,1.47,0.03666666666666667,0.22435714285714287,0.82
109,0.3,0.1,6,100,gbr,0.34006540542643365,0.0,0.0,0.0,0.0673107333842628,0.10220472524002239,3.94,0.12914744672065642,0.18307227674485874,7.4,0.03916666666666666,0.04510347948964402,1.59
110,0.3,0.1,6,500,gbr,0.36693021098112316,0.0,0.0,0.0,0.06898403144518866,0.10056009367593738,18.31,0.09207644282837273,0.17233351642671696,32.26,0.030666666666666665,0.009553259194656267,1.67
111,0.3,0.1,6,1000,gbr,0.36611408626033154,0.0,0.0,0.0,0.05499978076179532,0.08472955662209555,31.43,0.09796539982864588,0.16363048142599193,61.96,0.020095238095238097,0.004282969811638828,1.51
112,0.3,0.2,1,10,gbr,0.8443512994171029,0.0,0.0,0.0,0.06269444444444444,0.9854166666666667,5.56,0.17437301587301587,0.9894166666666666,6.37,0.022253968253968255,0.9814166666666666,5.25
113,0.3,0.2,1,100,gbr,0.8442072987079281,0.0,0.0,0.0,0.10858953360409107,0.9790387707582751,54.91,0.2002190559123608,0.9931447829165626,61.98,0.004994694275266861,0.8087980445870311,40.46
114,0.3,0.2,1,500,gbr,0.8381417859423881,0.0,0.0,0.0,0.09768209066948458,0.9765636294223117,269.09,0.19803943226210854,0.9898904523258202,306.88,0.002448349766788038,0.25270874760599366,63.03
115,0.3,0.2,1,1000,gbr,0.8330646841875236,0.0,0.0,0.0,0.09826863508965386,0.9724994733385596,538.53,0.1990967240967779,0.9835134196191071,612.97,0.00212148523308033,0.11544267511744831,57.86
116,0.3,0.2,2,10,gbr,0.48684751135344206,0.05353968253968253,0.9286666666666666,8.43,0.028797619047619044,0.9426428571428572,8.2,0.158,1.0,10.0,0.022297619047619045,0.9276984126984127,7.99
117,0.3,0.2,2,100,gbr,0.5959691989566609,0.05110741197410989,0.9806990035406601,89.13,0.027530895038872284,0.9405348485532907,83.4,0.138,1.0,100.0,0.006382527292459427,0.41216174961922825,35.64
118,0.3,0.2,2,500,gbr,0.6098754537295334,0.05410059039468013,0.9822235328302911,445.86,0.029483460894381985,0.9359120321700364,414.03,0.14142,1.0,500.0,0.003814500951071177,0.08283136145467691,35.55
119,0.3,0.2,2,1000,gbr,0.6120860825819326,0.05233126037241861,0.9797153255367342,885.95,0.028984917547711375,0.9355177636583052,825.47,0.14332,1.0,1000.0,0.008370926279131705,0.05411045713516228,46.55
120,0.3,0.2,5,10,gbr,-0.11865019074825675,0.0,0.0,0.0,0.13083333333333333,0.1141111111111111,0.82,0.19491666666666668,0.2953968253968254,2.18,0.14916666666666667,0.12703968253968254,0.84
121,0.3,0.2,5,100,gbr,0.035846856721145064,0.0,0.0,0.0,0.0768510101010101,0.028270295387734436,1.75,0.19702061047461492,0.1356424609753722,9.39,0.07416666666666666,0.017999062480765427,1.05
122,0.3,0.2,5,500,gbr,0.043085269734368235,0.0,0.0,0.0,0.07068742904422885,0.022574791965366946,6.81,0.188421871781013,0.0993953541022244,32.73,0.10987301587301587,0.004792953564889976,1.45
123,0.3,0.2,5,1000,gbr,0.04230223465451413,0.0,0.0,0.0,0.07764835426989859,0.011909859932075984,7.27,0.1858788419415375,0.09138199830572474,59.73,0.04119047619047619,0.0019411830670616082,1.12
124,0.3,0.2,6,10,gbr,0.2325433184753541,0.0,0.0,0.0,0.16116666666666668,0.33726190476190476,1.65,0.1886190476190476,0.4513809523809524,2.23,0.16333333333333333,0.23185714285714284,1.01
125,0.3,0.2,6,100,gbr,0.35243723686538764,0.0,0.0,0.0,0.13170826303841093,0.27565216615914656,11.06,0.20017914094434,0.4201894521285937,18.11,0.05813636363636363,0.0651424003883545,2.34
126,0.3,0.2,6,500,gbr,0.36741281665303177,0.0,0.0,0.0,0.12173855250971195,0.2311230704713722,44.63,0.19337316345714498,0.4007830282991231,83.7,0.07920945720945721,0.015399941456080231,2.75
127,0.3,0.2,6,1000,gbr,0.36083623708902257,0.0,0.0,0.0,0.13140728770614013,0.23190020088484917,90.22,0.19255759612913814,0.38708092443170755,160.16,0.07748748473748474,0.00944045346800438,3.39
128,0.3,0.5,1,10,gbr,0.8302727112413457,0.222,0.43,4.3,0.2529325396825397,1.0,6.7,0.4966626984126984,1.0,9.9,0.10498809523809523,0.9925,5.45
129,0.3,0.5,1,100,gbr,0.8146022815208528,0.2482,0.5,50.0,0.2502292613630235,0.9930745808346879,67.38,0.48597702385266517,0.9997872340425532,98.78,0.014452457099666688,0.898820875053075,46.12
130,0.3,0.5,1,500,gbr,0.8545562152063546,0.25768,0.52,260.0,0.2485010882838238,0.9972457892810938,333.06,0.4935833163040031,0.99996138996139,495.09,0.003507115311021895,0.6968721635300006,175.59
131,0.3,0.5,1,1000,gbr,0.8498357440896852,0.21552,0.43,430.0,0.246975115341431,0.9859739750410762,656.62,0.4935151510777856,0.9992045947924032,985.59,0.008359825848638796,0.3201817519568826,160.07
132,0.3,0.5,2,10,gbr,0.44130013590953027,0.139,1.0,10.0,0.07646825396825398,0.9905436507936508,9.25,0.139,1.0,10.0,0.058051587301587305,0.9854325396825396,9.01
133,0.3,0.5,2,100,gbr,0.5960659068629895,0.14400000000000002,1.0,100.0,0.07349049439778092,0.9926081706620512,91.74,0.14400000000000002,1.0,100.0,0.008258209602873441,0.6474056880946444,55.9
134,0.3,0.5,2,500,gbr,0.6083070400050332,0.14334,1.0,500.0,0.07139860372863685,0.9920048618323598,457.62,0.14334,1.0,500.0,0.005389948405655204,0.2219018529435345,95.57
135,0.3,0.5,2,1000,gbr,0.6135013782278113,0.14298,1.0,1000.0,0.07197988117989279,0.9927420099033268,916.84,0.14298,1.0,1000.0,0.005072925200378623,0.12096962020230576,104.22
136,0.3,0.5,5,10,gbr,-0.10553082269478882,0.0,0.007142857142857143,0.05,0.22109523809523807,0.33138492063492064,2.63,0.5213888888888889,0.9954999999999999,9.92,0.24583333333333332,0.22118650793650793,1.54
137,0.3,0.5,5,100,gbr,0.03542729941345098,0.0,0.0,0.0,0.23843840582811715,0.21901753949398858,15.74,0.49650368168653664,0.9900288945857042,97.55,0.15156818181818182,0.03999840762815157,2.5
138,0.3,0.5,5,500,gbr,0.04155169220091576,0.0,0.0,0.0,0.24937944341204776,0.1747159468913563,61.5,0.48864117519253375,0.9902020509301868,489.42,0.1276054625199362,0.010831065190069654,3.3
139,0.3,0.5,5,1000,gbr,0.035853304035959016,0.0,0.0,0.0,0.2497509433389948,0.15092911517074062,103.16,0.49156979808028317,0.9880304498800089,975.67,0.11972222222222222,0.003852638314469371,2.35
140,0.3,0.5,6,10,gbr,0.29249739983350687,0.0,0.0,0.0,0.35178174603174606,0.8344047619047619,4.57,0.48963095238095233,0.9285,6.48,0.21833333333333332,0.5207142857142857,2.09
141,0.3,0.5,6,100,gbr,0.3574257185721852,0.0,0.0,0.0,0.3237057477667723,0.7109573940333981,35.8,0.48205885841156537,0.9313998215018404,61.16,0.09198593073593071,0.13886534146292914,5.15
142,0.3,0.5,6,500,gbr,0.36392898303734833,0.0,0.0,0.0,0.3330687321876724,0.7276327487074074,181.06,0.4998742894647241,0.939320254944843,310.68,0.05600697837308602,0.04775590659005984,8.31
143,0.3,0.5,6,1000,gbr,0.3629175167332864,0.0,0.0,0.0,0.32855786558893685,0.71768217220178,359.1,0.4980535477415605,0.9427317718147595,627.42,0.060555064337107674,0.021165003368860746,7.51
144,0.4,0.1,1,10,gbr,0.8046001446964428,0.0,0.0,0.0,0.056194444444444436,0.9706666666666667,5.21,0.09521031746031745,0.9773333333333334,5.52,0.02358333333333333,0.9589761904761904,4.93
145,0.4,0.1,1,100,gbr,0.8394988189014139,0.0,0.0,0.0,0.05227596330833158,0.9682995371177563,51.32,0.09885215553778329,0.9824523582862068,54.78,0.0030076521349549352,0.6747325600415762,33.91
146,0.4,0.1,1,500,gbr,0.8073117249640895,0.0,0.0,0.0,0.05058114663064828,0.9376941811906632,247.44,0.10011663271205944,0.9609109662219226,267.68,0.000835185185185185,0.12128831679896716,30.36
147,0.4,0.1,1,1000,gbr,0.8372955671488539,0.0,0.0,0.0,0.05110597546045072,0.9638433408767239,506.0,0.10346550925100556,0.9830196868308679,546.15,0.00199117373686339,0.06560719439722566,32.72
148,0.4,0.1,2,10,gbr,0.38980593894367943,0.0,0.0,0.0,0.011166666666666667,0.6551984126984126,5.76,0.09655555555555555,0.9988888888888888,9.47,0.015083333333333332,0.7087698412698412,6.16
149,0.4,0.1,2,100,gbr,0.5474737238822517,0.0,0.0,0.0,0.01332929973238835,0.656492264285583,56.71,0.10217605338540395,0.996086089589965,94.16,0.00119047619047619,0.16605815650859412,14.16
150,0.4,0.1,2,500,gbr,0.5293095693833559,0.0,0.0,0.0,0.013828693142130097,0.6251757228570686,270.31,0.10181285234469088,0.9950152908607223,471.25,0.011884051037514031,0.03278704365368588,14.08
151,0.4,0.1,2,1000,gbr,0.5343125265121116,0.0,0.0,0.0,0.014931587474599488,0.6631223443223582,574.49,0.10065385678743413,0.9953236416308474,943.51,0.006290553325166205,0.01840547135998436,15.83
152,0.4,0.1,5,10,gbr,-0.14297334583009658,0.0,0.0,0.0,0.04666666666666667,0.061829365079365074,0.4,0.102,0.14195238095238094,0.9,0.08,0.0899126984126984,0.53
153,0.4,0.1,5,100,gbr,0.030253564664608327,0.0,0.0,0.0,0.03775,0.01042403038772137,0.6,0.1,0.02883214403955655,1.81,0.0525,0.007843193543737392,0.46
154,0.4,0.1,5,500,gbr,0.02696561966907878,0.0,0.0,0.0,0.043457150976332556,0.00549472058303261,1.72,0.1030621095299121,0.01800982805333868,5.89,0.055,0.002208754809281187,0.65
155,0.4,0.1,5,1000,gbr,0.030310891079814276,0.0,0.0,0.0,0.053948910738384426,0.002095793246276963,1.37,0.09202987699598132,0.010692354746378035,6.67,0.0825,0.0008820920338817261,0.56
156,0.4,0.1,6,10,gbr,0.19782164705638663,0.0,0.0,0.0,0.0665,0.20199999999999999,0.9,0.08783333333333333,0.294,1.25,0.08333333333333334,0.17375,0.72
157,0.4,0.1,6,100,gbr,0.30692394882642415,0.0,0.0,0.0,0.05417134499487441,0.07145974748121384,2.71,0.07800660158554894,0.1357173637392568,5.25,0.03666666666666667,0.030719672777289268,1.09
158,0.4,0.1,6,500,gbr,0.30247484683982245,0.0,0.0,0.0,0.06068136672334118,0.04105126775047263,7.94,0.0784534884203276,0.0870969393576,17.0,0.0245,0.005542175478123005,1.04
159,0.4,0.1,6,1000,gbr,0.29005528590902346,0.0,0.0,0.0,0.07692045522526608,0.0419405731825095,16.15,0.10944855657746419,0.08957926758638751,35.18,0.0475,0.003201594677368894,1.2
160,0.4,0.2,1,10,gbr,0.8398990371771687,0.0,0.0,0.0,0.09421428571428571,0.9890000000000001,5.76,0.18525,0.9966666666666667,6.44,0.03215873015873016,0.9782380952380954,5.25
161,0.4,0.2,1,100,gbr,0.8506963552470667,0.0,0.0,0.0,0.09853786983967558,0.981321263846363,54.14,0.1998146126765619,0.98647795328044,61.55,0.0033356013138907854,0.7865149453967962,39.04
162,0.4,0.2,1,500,gbr,0.8279394729780023,0.0,0.0,0.0,0.09921277880809376,0.9761348159690734,271.22,0.19984160719429916,0.9896691505852274,309.58,0.0026811083858290542,0.2447146250892403,61.4
163,0.4,0.2,1,1000,gbr,0.845870071480903,0.0,0.0,0.0,0.1027277173537181,0.9809545731843403,545.96,0.2006724854766284,0.9917550788968239,619.99,0.002366421569211961,0.12980621993915734,64.81
164,0.4,0.2,2,10,gbr,0.4671826723387255,0.05423412698412698,0.9046309523809524,8.3,0.028539682539682535,0.8721111111111111,7.68,0.15,1.0,10.0,0.025869047619047614,0.8497142857142858,7.42
165,0.4,0.2,2,100,gbr,0.5457924939140308,0.06378568415086402,0.9426689527510167,85.41,0.028949945732337,0.8708642042580454,75.87,0.1551,1.0,100.0,0.0079461820287514,0.2893132073746816,24.67
166,0.4,0.2,2,500,gbr,0.543297904114866,0.05568514569992065,0.9594088173610591,434.38,0.02812852736677829,0.8793726909951546,386.46,0.146,1.0,500.0,0.011181138864966916,0.0734720774218966,31.51
167,0.4,0.2,2,1000,gbr,0.5458536170592089,0.05764187359899523,0.9513463314598022,863.01,0.02955504304967148,0.8841754799829015,777.44,0.147,1.0,1000.0,0.005059098734765276,0.039998825534136626,34.24
168,0.4,0.2,5,10,gbr,-0.09625100830641696,0.0,0.0,0.0,0.10833333333333332,0.12010714285714286,0.9,0.21720238095238095,0.2671309523809524,2.07,0.16833333333333333,0.1293690476190476,0.91
169,0.4,0.2,5,100,gbr,0.027134168475413663,0.0,0.0,0.0,0.06332020757020757,0.027765057147141805,1.68,0.18609317552291083,0.12494538488161601,8.71,0.07833333333333332,0.015041093243847795,0.9
170,0.4,0.2,5,500,gbr,0.031096265720095998,0.0,0.0,0.0,0.07996240776755482,0.013624862566571463,4.2,0.19857046747591556,0.09102068758752997,30.37,0.08791666666666666,0.0034534256221965642,1.03
171,0.4,0.2,5,1000,gbr,0.03039563946543806,0.0,0.0,0.0,0.09177156715622507,0.013295718037585905,8.27,0.20770756103358065,0.0726510333775573,49.37,0.08916666666666666,0.0016132935022968762,0.97
172,0.4,0.2,6,10,gbr,0.24189791003286026,0.0,0.0,0.0,0.10183333333333333,0.3015238095238095,1.54,0.1618452380952381,0.46330952380952384,2.47,0.08333333333333331,0.23404761904761906,1.04
173,0.4,0.2,6,100,gbr,0.30414653342178855,0.0,0.0,0.0,0.12596483564034713,0.1807674733183077,7.41,0.1978882320761282,0.34789371642282624,15.36,0.050666666666666665,0.0523674036514335,1.87
174,0.4,0.2,6,500,gbr,0.2892407263094967,0.0,0.0,0.0,0.13663679280381347,0.15855996266593525,32.32,0.21419364828460513,0.3088531033616854,67.83,0.0961111111111111,0.012825953714432676,2.45
175,0.4,0.2,6,1000,gbr,0.29850690558519893,0.0,0.0,0.0,0.13659724599428552,0.13924624360710772,55.93,0.19350251912247704,0.29145560017951344,125.44,0.07519444444444445,0.006373742147176024,2.33
176,0.4,0.5,1,10,gbr,0.8305870678513688,0.21599999999999997,0.44,4.4,0.24765079365079362,0.9963333333333334,6.81,0.47834920634920636,1.0,9.85,0.08827777777777777,0.9882222222222222,5.52
177,0.4,0.5,1,100,gbr,0.8451225525838164,0.2101,0.41,41.0,0.25943538827163065,0.9952144130038668,66.24,0.5024909249041674,1.0,98.88,0.01137569371867194,0.9087744129798194,45.26
178,0.4,0.5,1,500,gbr,0.8409387207510535,0.17418,0.35,175.0,0.25280765821345347,0.9932662354133948,333.77,0.49237471835234153,0.999882958588841,493.95,0.003225823454420186,0.6302319570308572,159.15
179,0.4,0.5,1,1000,gbr,0.8583083510124889,0.18540559609709908,0.37,369.97,0.25278254687041485,0.994469145869546,662.36,0.494990024805441,0.9999201065769618,985.03,0.005230244063374579,0.3239840311166119,161.73
180,0.4,0.5,2,10,gbr,0.44518197223940453,0.145,1.0,10.0,0.07034126984126984,0.9764682539682539,9.02,0.145,1.0,10.0,0.05542460317460317,0.9688452380952381,8.77
181,0.4,0.5,2,100,gbr,0.5379975080955042,0.1482,1.0,100.0,0.0743534639356461,0.9854371669502794,90.71,0.1482,1.0,100.0,0.009433060136401088,0.5491914049540432,47.27
182,0.4,0.5,2,500,gbr,0.5498742339217818,0.14944000000000002,1.0,500.0,0.07224815962001684,0.9864145925843542,452.23,0.14944000000000002,1.0,500.0,0.005300492040253092,0.16008991408077067,68.62
183,0.4,0.5,2,1000,gbr,0.54149932003568,0.14668,1.0,1000.0,0.0743331166445466,0.9870799167869716,910.01,0.14668,1.0,1000.0,0.004953765476854716,0.06866401683536678,58.83
184,0.4,0.5,5,10,gbr,-0.07215156082765409,0.004,0.01,0.1,0.2672857142857143,0.38234523809523807,3.2,0.4835079365079365,0.9541666666666667,9.46,0.24033333333333332,0.2416785714285714,1.77
185,0.4,0.5,5,100,gbr,0.03006058918616171,0.0,0.0,0.0,0.23517019968166167,0.18660849486455763,13.54,0.4937803197559774,0.9939702224451924,98.57,0.179,0.03362735765089945,2.11
186,0.4,0.5,5,500,gbr,0.03201506571907494,0.0,0.0,0.0,0.2474322712855139,0.1543644541278871,54.79,0.49112620985521277,0.9848697055914813,486.38,0.10251984126984126,0.009346004017695338,2.78
187,0.4,0.5,5,1000,gbr,0.03141839341104834,0.0,0.0,0.0,0.2613945970527326,0.15890416022529347,110.94,0.4937016500751148,0.9887207758739227,975.58,0.12060592185592185,0.003433046993793103,2.12
188,0.4,0.5,6,10,gbr,0.2293676355456699,0.0,0.0,0.0,0.3248531746031746,0.7234761904761905,4.45,0.49930555555555556,0.9291666666666667,7.17,0.2105238095238095,0.4576904761904762,2.19
189,0.4,0.5,6,100,gbr,0.28548326408401303,0.0,0.0,0.0,0.3367329531391459,0.6157105841829855,32.82,0.50226130438998,0.907415589205059,62.92,0.11193722943722943,0.10585655375915666,4.07
190,0.4,0.5,6,500,gbr,0.29472365747482554,0.0,0.0,0.0,0.3235976757504677,0.6104163063276619,154.9,0.496809584349591,0.9036224607487046,306.82,0.07668098465002489,0.03738588359236506,7.08
191,0.4,0.5,6,1000,gbr,0.2967544982471858,0.0,0.0,0.0,0.3235846654037451,0.6093246994501442,309.26,0.5039410796824548,0.9144320354334373,629.61,0.07762692351508141,0.018256327959050044,6.75
192,0.5,0.1,1,10,gbr,0.7869902997642513,0.0,0.0,0.0,0.04830952380952381,0.9442857142857143,4.99,0.10065873015873014,0.9721428571428571,5.46,0.018845238095238092,0.9390119047619048,4.78
193,0.5,0.1,1,100,gbr,0.8448361719655952,0.0,0.0,0.0,0.04430615285597009,0.9797242327959806,52.36,0.10077367339858848,0.9874098203577829,56.09,0.001097208877879,0.6931142918439884,35.26
194,0.5,0.1,1,500,gbr,0.8530839791263233,0.0,0.0,0.0,0.04952240971527992,0.9665597195577155,255.84,0.09879824982209862,0.9835330187080572,274.69,0.0021705680462947878,0.13862577318199137,34.85
195,0.5,0.1,1,1000,gbr,0.851620031930374,0.0,0.0,0.0,0.0504911946505295,0.9743584897939189,513.2,0.10185251758409189,0.9877843720337118,550.09,0.0020968239284613,0.07045471389556218,35.23
196,0.5,0.1,2,10,gbr,0.4110327411921431,0.0,0.0,0.0,0.008857142857142855,0.5797460317460318,5.03,0.09871825396825397,0.9889761904761905,9.31,0.021646825396825397,0.6243650793650793,5.4
197,0.5,0.1,2,100,gbr,0.4435262940113116,0.0,0.0,0.0,0.014605825268283901,0.48446130027668116,41.54,0.10244844887587057,0.9882842419475777,92.66,0.00374545644057839,0.09620750151991218,8.2
198,0.5,0.1,2,500,gbr,0.475006775753523,0.0,0.0,0.0,0.015132922650356602,0.5695711622715667,245.02,0.10027488287900456,0.9902800398127768,465.69,0.007650895157474103,0.027545941332994924,11.77
199,0.5,0.1,2,1000,gbr,0.4697112019840812,0.0,0.0,0.0,0.015650048679371992,0.554806109120263,477.77,0.09789100533995615,0.9892123207220012,928.08,0.007495966181665977,0.014497011883408678,12.37
200,0.5,0.1,5,10,gbr,-0.031480676895096905,0.0,0.0,0.0,0.07166666666666667,0.0563095238095238,0.41,0.113,0.12078571428571427,0.88,0.09166666666666666,0.07576190476190475,0.52
201,0.5,0.1,5,100,gbr,0.01891578857613271,0.0,0.0,0.0,0.050666666666666665,0.009267508930432872,0.61,0.07973547505126452,0.02348523120037187,1.61,0.06333333333333332,0.007442555995715721,0.48
202,0.5,0.1,5,500,gbr,0.024060290877556678,0.0,0.0,0.0,0.03909523809523809,0.0021424426939817887,0.64,0.08147172108936815,0.010749084561575748,3.46,0.0425,0.0017002422115248769,0.49
203,0.5,0.1,5,1000,gbr,0.025366352767324116,0.0,0.0,0.0,0.0740443782943783,0.00356418544405386,2.22,0.08433115426365324,0.012505099140287771,8.08,0.06683333333333334,0.000677526130261719,0.44
204,0.5,0.1,6,10,gbr,0.12919661227428444,0.0,0.0,0.0,0.09726190476190476,0.1445,0.75,0.12226190476190477,0.24016666666666667,1.18,0.11,0.15390476190476188,0.7
205,0.5,0.1,6,100,gbr,0.23548980937593605,0.0,0.0,0.0,0.06737012987012987,0.05720526183755582,2.31,0.1218092463092463,0.09939757173850673,4.25,0.0545,0.029609710213671647,1.12
206,0.5,0.1,6,500,gbr,0.22516782694894316,0.0,0.0,0.0,0.04265004699311975,0.023423936889916952,4.66,0.10606467999249591,0.057296289871314236,11.98,0.10033333333333333,0.003239393465887322,0.72
207,0.5,0.1,6,1000,gbr,0.23485479618991062,0.0,0.0,0.0,0.05117994889648283,0.02041231839572439,8.19,0.09968053268482362,0.04925867368538931,20.36,0.06333333333333332,0.002174268652430905,0.88
208,0.5,0.2,1,10,gbr,0.8221591855737826,0.0,0.0,0.0,0.1089206349206349,0.9885714285714287,5.57,0.21486507936507934,0.9945714285714286,6.4,0.05984920634920634,0.9676428571428572,5.09
209,0.5,0.2,1,100,gbr,0.8562843447084965,0.0,0.0,0.0,0.10426862531695658,0.9908011567188365,55.4,0.19482462063707892,0.995329536157543,61.95,0.005441119833738624,0.8447123080659048,42.48
210,0.5,0.2,1,500,gbr,0.8107023882824579,0.0,0.0,0.0,0.0968604105850581,0.9587085651903088,266.36,0.19802701071760548,0.9810720682763927,307.0,0.00247454852646001,0.24137547063765064,60.81
211,0.5,0.2,1,1000,gbr,0.822005773054439,0.0,0.0,0.0,0.10180359373200223,0.9736789310884313,543.98,0.19940010803476266,0.9835190970120782,617.44,0.0035276755348646886,0.1309022827678933,65.89
212,0.5,0.2,2,10,gbr,0.40397059121879036,0.07352777777777778,0.8224166666666666,7.64,0.03503968253968254,0.7637658730158731,6.61,0.17300000000000001,1.0,10.0,0.03184523809523809,0.7669722222222223,6.55
213,0.5,0.2,2,100,gbr,0.45620389066627554,0.05829187499824429,0.8622096290247285,78.55,0.02735762640287357,0.7900129799717385,68.92,0.1528,1.0,100.0,0.0065946967453546345,0.2387049187751891,20.4
214,0.5,0.2,2,500,gbr,0.4647148651379187,0.062406341842550256,0.8483366603175875,385.95,0.03199409964694971,0.8101526150393178,353.54,0.15552,1.0,500.0,0.0067490150750998375,0.05841355984811306,24.91
215,0.5,0.2,2,1000,gbr,0.4692712786403863,0.05942568642656615,0.8426472756197498,763.6,0.030331431527192313,0.7870586529140934,686.43,0.15498,1.0,1000.0,0.015033374519669608,0.024680042968618063,21.03
216,0.5,0.2,5,10,gbr,-0.06425714630237167,0.0,0.0,0.0,0.08333333333333331,0.14508333333333334,0.9,0.20764285714285713,0.30966666666666665,2.22,0.15333333333333335,0.14360714285714285,0.9
217,0.5,0.2,5,100,gbr,0.0017527712350379754,0.0,0.0,0.0,0.11293650793650793,0.022360564930372438,1.49,0.24475026234635422,0.10073353624549909,7.26,0.12,0.015450182010114097,0.98
218,0.5,0.2,5,500,gbr,0.02260429924630027,0.0,0.0,0.0,0.08752323047600408,0.011993317662467478,3.77,0.1897025937591122,0.07140341015196588,24.2,0.07698412698412699,0.002871926533355186,0.85
219,0.5,0.2,5,1000,gbr,0.017712223359347648,0.0,0.0,0.0,0.09307578641555286,0.010268419300934051,6.58,0.20139856620287502,0.0628921688712188,42.03,0.12283333333333334,0.0016789979571042932,1.1
220,0.5,0.2,6,10,gbr,0.12057740004664805,0.0,0.0,0.0,0.11861904761904762,0.2563333333333333,1.26,0.19734126984126985,0.3570357142857143,2.03,0.12333333333333334,0.2169047619047619,0.96
221,0.5,0.2,6,100,gbr,0.21948078555373893,0.0,0.0,0.0,0.16088979076479074,0.11139212920036598,4.9,0.2153531007221282,0.24653377307050447,11.55,0.13633333333333333,0.032939729339057006,1.42
222,0.5,0.2,6,500,gbr,0.23484523096938062,0.0,0.0,0.0,0.12516543489198542,0.0947683301364718,20.07,0.20060766023585203,0.2070808379622243,47.33,0.08026190476190476,0.009470855599351341,1.84
223,0.5,0.2,6,1000,gbr,0.24205576438964138,0.0,0.0,0.0,0.12609640588529863,0.09083482026703932,38.46,0.19283507331325506,0.2094170813227826,93.91,0.05076190476190476,0.004326520510455784,1.7
224,0.5,0.5,1,10,gbr,0.7947109889662003,0.192,0.41,4.1,0.23099999999999998,0.9966666666666667,6.91,0.4729960317460318,1.0,9.93,0.07857539682539681,0.9864761904761905,5.58
225,0.5,0.5,1,100,gbr,0.8485628549878694,0.1826,0.36,36.0,0.2626864649316615,0.9954413710405104,67.11,0.4992737755875096,0.9998,98.93,0.010345657098427061,0.937607787551706,46.91
226,0.5,0.5,1,500,gbr,0.8355917499599939,0.1804101002004008,0.36,179.99,0.24750698547693237,0.9915264155175768,330.31,0.4916134683385546,0.9998246494720443,493.07,0.003055914913607188,0.640738556425053,161.17
227,0.5,0.5,1,1000,gbr,0.8320004468206664,0.1836098998998999,0.37,369.98,0.24692001553879156,0.9899332158909125,661.78,0.49218465516200394,0.9999413864790698,990.9,0.004571692133740393,0.313523036653908,158.15
228,0.5,0.5,2,10,gbr,0.30861801700427,0.15,1.0,10.0,0.08477380952380953,0.9695476190476191,9.03,0.15,1.0,10.0,0.06457539682539683,0.9415515873015873,8.57
229,0.5,0.5,2,100,gbr,0.43828489839785706,0.1534,1.0,100.0,0.07849106379027723,0.9744742935905992,89.57,0.1534,1.0,100.0,0.014764799904293802,0.4519600378480264,38.8
230,0.5,0.5,2,500,gbr,0.456838754807437,0.1543,1.0,500.0,0.07894258291753861,0.974770793050881,447.59,0.1543,1.0,500.0,0.008466187281753156,0.12952859798119543,55.33
231,0.5,0.5,2,1000,gbr,0.4672431015213291,0.15499000000000002,1.0,1000.0,0.07882934902129916,0.9751561134991215,894.62,0.15499000000000002,1.0,1000.0,0.0221656394173223,0.06266540785151008,53.51
232,0.5,0.5,5,10,gbr,-0.10423208020883663,0.0,0.0,0.0,0.2775357142857143,0.37378968253968253,3.08,0.49024999999999996,0.9913333333333334,9.83,0.26516666666666666,0.2337063492063492,1.71
233,0.5,0.5,5,100,gbr,0.015460859242710052,0.0,0.0,0.0,0.27191050794568034,0.18471512017360772,13.37,0.4999718613118821,0.9812695921423389,96.91,0.2301904761904762,0.030517970408182757,2.01
234,0.5,0.5,5,500,gbr,0.020461532649791007,0.0,0.0,0.0,0.25520115148492467,0.13710683349948893,48.58,0.4930854445374691,0.9845544308005367,486.18,0.11370779220779222,0.008015135330939126,2.41
235,0.5,0.5,5,1000,gbr,0.02283949387691453,0.0,0.0,0.0,0.24439428440515662,0.132476407831988,92.15,0.49287476272331715,0.9853305961865315,972.2,0.1193968253968254,0.004191444790077859,2.57
236,0.5,0.5,6,10,gbr,0.010028347769402974,0.0,0.0,0.0,0.36162698412698413,0.5659047619047619,3.84,0.5510912698412698,0.8825833333333334,7.18,0.30883333333333335,0.3490238095238095,1.92
237,0.5,0.5,6,100,gbr,0.2323908958124515,0.0,0.0,0.0,0.32444200484246616,0.5182742647326968,28.05,0.4917254285032402,0.8667634308934602,60.98,0.12715079365079365,0.07782873589914437,3.15
238,0.5,0.5,6,500,gbr,0.23912052438258358,0.0,0.0,0.0,0.3257518001226986,0.5205274632128237,136.66,0.49535818110681956,0.8650034253478496,301.86,0.10252081088845794,0.01976183259612845,3.96
239,0.5,0.5,6,1000,gbr,0.2327691967302286,0.0,0.0,0.0,0.32113228497030094,0.5000500411739975,262.14,0.5046904295721582,0.8683967477117887,613.78,0.07407890776234428,0.012905627498329875,5.11
240,0.6,0.1,1,10,gbr,0.8137676497684619,0.0,0.0,0.0,0.05882142857142856,0.9660714285714286,5.17,0.10226190476190475,0.9758333333333333,5.52,0.015428571428571427,0.9427619047619048,4.76
241,0.6,0.1,1,100,gbr,0.8453278392215272,0.0,0.0,0.0,0.05018734584067576,0.9677869921133205,50.84,0.09200821691095636,0.978974093606701,53.82,0.002426103084530562,0.6207319511845705,30.97
242,0.6,0.1,1,500,gbr,0.8381183038616544,0.0,0.0,0.0,0.050668244481604806,0.9652504259091779,254.3,0.10012837909834373,0.9804525994194202,272.57,0.003034830866807608,0.1256255976902716,31.49
243,0.6,0.1,1,1000,gbr,0.8513452255964669,0.0,0.0,0.0,0.04710308103394894,0.9667249994410667,506.1,0.09785372593702503,0.9804717100377367,542.07,0.0027087005256504707,0.06440323690024748,32.19
244,0.6,0.1,2,10,gbr,0.3123384177625239,0.0,0.0,0.0,0.01603571428571428,0.5005833333333333,4.45,0.08292857142857142,0.9753730158730158,9.11,0.019952380952380947,0.5548055555555556,4.87
245,0.6,0.1,2,100,gbr,0.39666541143700007,0.0,0.0,0.0,0.015658597228471773,0.39932000841844356,34.17,0.10619631247711196,0.980568518791792,92.0,0.014450350374263416,0.09957519532351235,8.42
246,0.6,0.1,2,500,gbr,0.40015959674186335,0.0,0.0,0.0,0.013505552934573273,0.37854574065001423,161.18,0.09907654118082226,0.9759957557349371,453.41,0.014792045908425217,0.01997635040339831,8.45
247,0.6,0.1,2,1000,gbr,0.40291965685679254,0.0,0.0,0.0,0.014382323417337339,0.36253947651726515,309.27,0.09977398956927923,0.9781993116729264,910.16,0.006812454349226487,0.010811314477859768,9.14
248,0.6,0.1,5,10,gbr,-0.15442912598918393,0.0,0.0,0.0,0.04833333333333333,0.055408730158730164,0.35,0.0965,0.1093174603174603,0.76,0.08,0.07117063492063491,0.45
249,0.6,0.1,5,100,gbr,-0.00883494417067223,0.0,0.0,0.0,0.05333333333333333,0.003267957502822121,0.23,0.11332683982683983,0.0189946871595663,1.31,0.08833333333333333,0.005463876776717212,0.38
250,0.6,0.1,5,500,gbr,0.0048344259797779435,0.0,0.0,0.0,0.028857142857142856,0.0014996076660464082,0.49,0.08668079812907399,0.007928457209968631,2.55,0.105,0.00118608044582673,0.43
251,0.6,0.1,5,1000,gbr,0.00661274243312336,0.0,0.0,0.0,0.05555330634278002,0.002065549265623203,1.26,0.12101539980487348,0.006692891717947246,4.39,0.05333333333333333,0.000584933304947111,0.38
252,0.6,0.1,6,10,gbr,0.08475814200715166,0.0,0.0,0.0,0.08333333333333331,0.0897738095238095,0.46,0.11833333333333335,0.1460238095238095,0.77,0.10666666666666666,0.09877380952380951,0.51
253,0.6,0.1,6,100,gbr,0.16411477320776557,0.0,0.0,0.0,0.07092857142857142,0.02423210137951153,1.11,0.1338095238095238,0.05666932491836175,2.64,0.07166666666666667,0.015319987927825282,0.65
254,0.6,0.1,6,500,gbr,0.17913670701082854,0.0,0.0,0.0,0.04179654495830966,0.016217102414470122,3.47,0.07869794455675395,0.030077099070774046,6.52,0.07083333333333333,0.002741508427973636,0.6
255,0.6,0.1,6,1000,gbr,0.17506857410942506,0.0,0.0,0.0,0.053031263605021944,0.0066596601357826616,2.98,0.08325873940490429,0.02104146318319224,9.4,0.04166666666666667,0.00124229315240488,0.51
256,0.6,0.2,1,10,gbr,0.8409327596384724,0.0,0.0,0.0,0.10465079365079363,0.9794285714285713,5.35,0.21346825396825395,0.9862142857142857,6.25,0.04688095238095238,0.971,4.96
257,0.6,0.2,1,100,gbr,0.8445550066392349,0.0,0.0,0.0,0.10627678815863019,0.9736509670793302,54.64,0.20878095428268018,0.9859562340432271,62.69,0.004843083926713471,0.8067577046650747,40.9
258,0.6,0.2,1,500,gbr,0.8041689283673175,0.0,0.0,0.0,0.09833739420655642,0.9514648854922432,264.4,0.19454526031048325,0.9763357246842332,303.64,0.0059441707889372145,0.2193724515104489,55.05
259,0.6,0.2,1,1000,gbr,0.8262062806040055,0.0,0.0,0.0,0.09865811834411772,0.9809735878209918,545.8,0.2005250742404913,0.9913301280577161,622.07,0.004494052467917076,0.11422283820148095,57.43
260,0.6,0.2,2,10,gbr,0.3436381275636802,0.052000000000000005,0.6837222222222222,6.44,0.026702380952380946,0.7000595238095237,6.03,0.16699999999999998,1.0,10.0,0.02447619047619047,0.693234126984127,5.89
261,0.6,0.2,2,100,gbr,0.3952079461201226,0.04250540337545464,0.5207007070254371,47.56,0.03474091847957458,0.7163866060439129,62.04,0.16580000000000003,1.0,100.0,0.004776724503883022,0.19935918951060305,16.81
262,0.6,0.2,2,500,gbr,0.4084618345239682,0.04204536733429414,0.5215244040124601,236.59,0.03142568189753868,0.7141887472735555,309.08,0.16258,1.0,500.0,0.007997532380203403,0.04724914744144905,20.05
263,0.6,0.2,2,1000,gbr,0.40196528636830087,0.04263437612599765,0.5023921655071159,457.6,0.03199658174266082,0.6971315843247636,603.35,0.16306,1.0,1000.0,0.01719031010971508,0.02235003256742956,18.9
264,0.6,0.2,5,10,gbr,-0.09368895388056714,0.0,0.0,0.0,0.09616666666666668,0.12614285714285714,0.79,0.2516111111111111,0.26122619047619045,2.01,0.1425,0.11664285714285713,0.72
265,0.6,0.2,5,100,gbr,-0.0054845710728164306,0.0,0.0,0.0,0.12667857142857142,0.02098493579543788,1.41,0.21809263580209454,0.08659986196160117,6.15,0.16166666666666668,0.01507160818881172,1.0
266,0.6,0.2,5,500,gbr,0.0009167864620135982,0.0,0.0,0.0,0.06769247419247419,0.00462475259568503,1.54,0.1688821169589869,0.036900470891231815,12.42,0.08199999999999999,0.002191977647229763,0.68
267,0.6,0.2,5,1000,gbr,0.007533359861029436,0.0,0.0,0.0,0.09121200506810263,0.004793998007147129,2.97,0.19038057247548978,0.05177742640146679,34.58,0.1025,0.001245344899590572,0.78
268,0.6,0.2,6,10,gbr,0.0723610944416252,0.0,0.0,0.0,0.13466666666666666,0.21019047619047618,1.07,0.2204047619047619,0.330452380952381,1.89,0.14166666666666666,0.17159523809523808,0.82
269,0.6,0.2,6,100,gbr,0.1838423666659798,0.0,0.0,0.0,0.1232230685980686,0.07405035141092953,3.27,0.17817314209100452,0.17822594482087412,8.59,0.11283333333333333,0.02977467919382646,1.25
270,0.6,0.2,6,500,gbr,0.16736239947431383,0.0,0.0,0.0,0.13848748718176948,0.04444705498712313,10.31,0.2203181162481251,0.13344505552314698,32.48,0.09875,0.005500613227699247,1.26
271,0.6,0.2,6,1000,gbr,0.17171659959272043,0.0,0.0,0.0,0.10784665506793369,0.04115967027624839,18.02,0.18728103800624404,0.11880615519697439,55.55,0.07865277777777777,0.003750469362081334,1.57
272,0.6,0.5,1,10,gbr,0.7856467118692894,0.09,0.19,1.9,0.21948809523809523,0.9952380952380951,6.81,0.4728611111111111,1.0,9.94,0.06678571428571428,0.9823412698412699,5.53
273,0.6,0.5,1,100,gbr,0.8375625647555878,0.0506,0.1,10.0,0.24936413309227945,0.9930887501665382,66.03,0.4952182404428614,1.0,98.83,0.012563073559969457,0.9022425868420139,45.54
274,0.6,0.5,1,500,gbr,0.8472188547606981,0.050250180360721444,0.1,49.99,0.25363995914396353,0.9907777074801986,331.7,0.49431572671389573,0.9999624060150376,494.22,0.003169396695979604,0.610813703548645,152.7
275,0.6,0.5,1,1000,gbr,0.8234698698870762,0.08451818442313928,0.17,169.9,0.2514991349380569,0.9950183343662193,665.12,0.49343905360177637,0.9999398739639824,987.65,0.002866588737776926,0.3181382468607265,159.65
276,0.6,0.5,2,10,gbr,0.361821779173545,0.154,1.0,10.0,0.06685714285714285,0.9587460317460318,8.71,0.154,1.0,10.0,0.04004365079365079,0.8995753968253968,7.92
277,0.6,0.5,2,100,gbr,0.3814149980552068,0.16240000000000002,1.0,100.0,0.0804559490305963,0.9548677987055356,87.01,0.16240000000000002,1.0,100.0,0.02149630102668102,0.39156588884814697,33.45
278,0.6,0.5,2,500,gbr,0.40272620406439735,0.16306,1.0,500.0,0.08019061004419363,0.950203928095139,432.45,0.16306,1.0,500.0,0.011537910662041646,0.11922033919040878,50.41
279,0.6,0.5,2,1000,gbr,0.40312650212913553,0.16344,1.0,1000.0,0.08008966418330372,0.953255838073747,867.08,0.16344,1.0,1000.0,0.017944855410438307,0.0514511796316815,43.63
280,0.6,0.5,5,10,gbr,-0.1306381808222075,0.0,0.0,0.0,0.23022222222222222,0.34472619047619046,2.61,0.5164920634920634,0.9656666666666667,9.51,0.2783333333333333,0.1918452380952381,1.41
281,0.6,0.5,5,100,gbr,-0.005869904790529146,0.0,0.0,0.0,0.25401972747490986,0.1404324075226982,10.47,0.4912422824453772,0.9852551687340312,97.74,0.19385714285714287,0.02845632858361505,1.92
282,0.6,0.5,5,500,gbr,0.004985112650255552,0.0,0.0,0.0,0.26483511980104113,0.08628638549824451,30.91,0.4919135594445214,0.9790218133278316,482.87,0.17303968253968255,0.006584156066129414,2.19
283,0.6,0.5,5,1000,gbr,0.0017680645031481568,0.0,0.0,0.0,0.2506516247375066,0.0988007948866821,71.3,0.49143321533597367,0.9754652143745156,961.15,0.17216666666666666,0.0026451509012202527,1.82
284,0.6,0.5,6,10,gbr,0.05647607647067328,0.0,0.0,0.0,0.3802301587301587,0.5906190476190476,3.98,0.5274007936507936,0.8882380952380953,7.32,0.268,0.3711190476190476,1.83
285,0.6,0.5,6,100,gbr,0.18406811328848796,0.0,0.0,0.0,0.28687716296261767,0.418829139036026,23.07,0.4949055146445761,0.8190824480654847,60.69,0.19345238095238096,0.057082933305353994,2.63
286,0.6,0.5,6,500,gbr,0.17199711725066721,0.0,0.0,0.0,0.32242303837183556,0.37846922370735286,103.46,0.5016179399436246,0.825462009740264,301.66,0.135770202020202,0.01273072223334778,2.8
287,0.6,0.5,6,1000,gbr,0.17816785727377366,0.0,0.0,0.0,0.32292610787637954,0.3988235423528972,214.48,0.5013382955739636,0.8170940535239055,589.18,0.11316269841269841,0.00856338684666688,3.59
288,0.7,0.1,1,10,gbr,0.7452377039165196,0.0,0.0,0.0,0.06382539682539683,0.9495873015873016,5.14,0.13697222222222222,0.9701428571428572,5.71,0.03311904761904762,0.9212777777777778,4.76
289,0.7,0.1,1,100,gbr,0.8158518644615249,0.0,0.0,0.0,0.04937913439354734,0.9490056865275116,50.72,0.09670365596189046,0.9668416468086183,54.39,0.004712870437809139,0.5257833694645258,26.9
290,0.7,0.1,1,500,gbr,0.8374440843436203,0.0,0.0,0.0,0.04926310894577868,0.965278196906757,253.77,0.09943280107378494,0.9807656139522782,272.32,0.0014439891279828148,0.09107798014202415,22.71
291,0.7,0.1,1,1000,gbr,0.8178450105087387,0.0,0.0,0.0,0.04999117724832439,0.9301523906860205,491.95,0.09804183527450602,0.9457431374557477,526.84,0.00317557937598832,0.04771034631141495,24.02
292,0.7,0.1,2,10,gbr,0.2671452983120784,0.0,0.0,0.0,0.017496031746031745,0.38752380952380955,3.35,0.08372619047619047,0.9617857142857144,8.86,0.020011904761904762,0.4779087301587302,4.1
293,0.7,0.1,2,100,gbr,0.3060715138247734,0.0,0.0,0.0,0.019239372450754185,0.27752045334233033,23.65,0.09625480374616385,0.9512423634939197,87.96,0.027775178026182328,0.09433614531603152,8.0
294,0.7,0.1,2,500,gbr,0.34676407562223543,0.0,0.0,0.0,0.012913789626228946,0.2672040964802487,113.44,0.09880027175430868,0.9553722628768355,440.58,0.020744227994227992,0.013780144381425625,5.82
295,0.7,0.1,2,1000,gbr,0.33802337075849836,0.0,0.0,0.0,0.015549161238543083,0.3044995162747232,258.53,0.0982950415888675,0.952214076322492,877.73,0.01810614772224679,0.008583803061616487,7.22
296,0.7,0.1,5,10,gbr,-0.16599438740269254,0.0,0.0,0.0,0.013333333333333332,0.03435714285714286,0.18,0.0825,0.07248809523809524,0.53,0.06333333333333332,0.053916666666666654,0.34
297,0.7,0.1,5,100,gbr,-0.02517313580778483,0.0,0.0,0.0,0.069,0.004854425137811297,0.35,0.13477056277056276,0.019230753074945497,1.31,0.11,0.006291058704939372,0.45
298,0.7,0.1,5,500,gbr,-0.013732071460245004,0.0,0.0,0.0,0.041834368530020705,0.002017270149021012,0.67,0.09853564753564754,0.007934781648101706,2.76,0.07583333333333334,0.001034738649599934,0.37
299,0.7,0.1,5,1000,gbr,-0.014517255316661577,0.0,0.0,0.0,0.03961904761904762,0.000578942599384229,0.42,0.11162770562770563,0.0034784969765968648,2.46,0.1,0.00042033381518797095,0.33
300,0.7,0.1,6,10,gbr,-0.05847612931763276,0.0,0.0,0.0,0.07400000000000001,0.07842857142857143,0.38,0.13466666666666666,0.14211904761904762,0.78,0.1,0.0965952380952381,0.46
301,0.7,0.1,6,100,gbr,0.13089193274954952,0.0,0.0,0.0,0.06333333333333332,0.012083460452096068,0.62,0.11976984126984126,0.03881686850057439,1.86,0.06533333333333333,0.009796942856090925,0.45
302,0.7,0.1,6,500,gbr,0.12872515801513285,0.0,0.0,0.0,0.062042079652373766,0.00793207297935033,1.92,0.10379055825495452,0.016782954627700127,4.04,0.0825,0.002776022820202501,0.61
303,0.7,0.1,6,1000,gbr,0.130321970364697,0.0,0.0,0.0,0.07687301587301587,0.003903499748465543,1.83,0.08878749069743082,0.014879701538652146,6.96,0.06833333333333333,0.001039849664970446,0.5
304,0.7,0.2,1,10,gbr,0.8234608391868025,0.0,0.0,0.0,0.09857142857142856,0.9675,5.49,0.18577777777777776,0.9913333333333334,6.28,0.048134920634920635,0.9668333333333333,5.15
305,0.7,0.2,1,100,gbr,0.8348369449690775,0.0,0.0,0.0,0.09889363086591953,0.9791650449153968,54.05,0.19803655627056752,0.9878435499357194,61.48,0.0070711764094511485,0.7256305278060673,36.21
306,0.7,0.2,1,500,gbr,0.8520190290721064,0.0,0.0,0.0,0.09574810612329124,0.9834837461247503,271.63,0.19572422167664627,0.9927472056192248,308.43,0.002261420205361556,0.16895921348693094,42.3
307,0.7,0.2,1,1000,gbr,0.8292215321876474,0.0,0.0,0.0,0.10184249687057768,0.9654670634845358,538.51,0.20404889355576994,0.9814536967593191,617.02,0.002140137257027559,0.0984478544113213,49.34
308,0.7,0.2,2,10,gbr,0.27190395519660937,0.07072222222222221,0.6784206349206349,6.46,0.02982539682539682,0.6474166666666666,5.62,0.166,1.0,10.0,0.029134920634920635,0.6486309523809524,5.55
309,0.7,0.2,2,100,gbr,0.33451096664901797,0.025558123622228646,0.2614567678141577,24.18,0.03565989421508647,0.6250902267267795,54.12,0.1672,1.0,100.0,0.014941456204614094,0.16817843410512803,14.13
310,0.7,0.2,2,500,gbr,0.3359934241700762,0.01842693982374143,0.17268080160274146,80.52,0.03392437746931587,0.6097527802259571,262.1,0.17083145161290322,1.0,499.96,0.007128602895721186,0.0358176205776649,14.99
311,0.7,0.2,2,1000,gbr,0.34079208692266505,0.014662844608550466,0.15073326349274785,138.21,0.03142429091392419,0.5756380765049011,493.52,0.17118,1.0,1000.0,0.013437789670256405,0.01505885831047562,12.63
312,0.7,0.2,5,10,gbr,-0.20966280453617533,0.0,0.0,0.0,0.10333333333333332,0.046940476190476185,0.4,0.1821785714285714,0.1631904761904762,1.3,0.13833333333333334,0.058809523809523805,0.48
313,0.7,0.2,5,100,gbr,-0.024489503683393674,0.0,0.0,0.0,0.06264774114774115,0.017099241341618433,1.08,0.15731448894672578,0.06551132515740168,4.71,0.07916666666666666,0.014960915618807955,0.85
314,0.7,0.2,5,500,gbr,-0.010256006788726315,0.0,0.0,0.0,0.12344733044733043,0.00668719160518883,2.51,0.18276829136302727,0.036866706551574986,13.16,0.10583333333333333,0.002052953029785677,0.71
315,0.7,0.2,5,1000,gbr,-0.009217251023420305,0.0,0.0,0.0,0.10568893825472772,0.004370116596283826,3.02,0.20001765261371637,0.028891449962281483,20.78,0.12785714285714284,0.0013247406008357829,0.92
316,0.7,0.2,6,10,gbr,0.044705518716461744,0.0,0.0,0.0,0.1335,0.1691785714285714,0.93,0.17478571428571427,0.2903452380952381,1.61,0.18333333333333332,0.13717857142857143,0.71
317,0.7,0.2,6,100,gbr,0.12360473605303185,0.0,0.0,0.0,0.08158462779051014,0.05678766926810244,2.69,0.13651647509410667,0.13577628621606183,6.64,0.05422222222222223,0.0212027374751074,0.93
318,0.7,0.2,6,500,gbr,0.13098667292616176,0.0,0.0,0.0,0.10966850126249385,0.030055670929089368,7.05,0.19242127308135576,0.1055240624303656,26.67,0.08266666666666665,0.004111512733270444,0.94
319,0.7,0.2,6,1000,gbr,0.13172475074835874,0.0,0.0,0.0,0.11479375419067755,0.030500453374906145,14.7,0.20605160942921155,0.09265278371799493,46.87,0.11797222222222223,0.00275136239355131,1.3
320,0.7,0.5,1,10,gbr,0.8199629442415687,0.071,0.13,1.3,0.2512222222222222,0.9925,6.53,0.5132777777777777,1.0,9.87,0.09699603174603175,0.9748333333333333,5.2
321,0.7,0.5,1,100,gbr,0.8298939058206107,0.034,0.07,7.0,0.2407220093140505,0.9922401768782997,66.01,0.49036727556491605,1.0,98.89,0.008830045541500126,0.8910317025130334,45.31
322,0.7,0.5,1,500,gbr,0.8257758187152572,0.02947955911823647,0.06,29.98,0.24917938895078426,0.9923296792094167,330.84,0.49486108893479275,0.9998438827601688,495.11,0.004159773448580722,0.4641469267012399,116.31
323,0.7,0.5,1,1000,gbr,0.81014180914232,0.04006497504533637,0.08,79.93,0.252407549281675,0.9934860382403038,663.18,0.4943563777782975,0.9999586430829701,986.75,0.003934463104659975,0.22950029441917164,114.91
324,0.7,0.5,2,10,gbr,0.22778393064699526,0.161,1.0,10.0,0.08100396825396824,0.9189325396825397,8.44,0.161,1.0,10.0,0.06762301587301586,0.8469126984126985,7.63
325,0.7,0.5,2,100,gbr,0.30545214682212896,0.1759,1.0,100.0,0.09197259758175004,0.9210893489459275,83.64,0.1759,1.0,100.0,0.020757440224069876,0.3372263025488278,28.37
326,0.7,0.5,2,500,gbr,0.3406454433485714,0.1732,1.0,500.0,0.08629896353172864,0.9296306946530372,420.72,0.1732,1.0,500.0,0.01607359762119764,0.08665473495827505,36.29
327,0.7,0.5,2,1000,gbr,0.3447218657725733,0.16939,1.0,1000.0,0.08292516540249345,0.9222419454474013,835.57,0.16939,1.0,1000.0,0.022230930657188053,0.03819640142721926,32.24
328,0.7,0.5,5,10,gbr,-0.07116154164676904,0.0,0.0,0.0,0.2070515873015873,0.3365952380952381,2.57,0.49383333333333335,0.9764761904761905,9.65,0.26316666666666666,0.22960714285714284,1.65
329,0.7,0.5,5,100,gbr,-0.012662991542034239,0.0,0.0,0.0,0.2513473834413428,0.11662498009963454,8.78,0.5003917084741284,0.9806421562427988,96.72,0.21642857142857141,0.026035018731926877,1.73
330,0.7,0.5,5,500,gbr,-0.005187982295977722,0.0,0.0,0.0,0.24762737446959157,0.07219630414860301,26.36,0.4931036787121992,0.9765701789215335,481.6,0.2003333333333333,0.004135747236267319,1.53
331,0.7,0.5,5,1000,gbr,-0.008105090504965053,0.0,0.0,0.0,0.21730092142051563,0.0650229939896711,47.05,0.4924322467958987,0.9731051817138592,959.41,0.12026190476190475,0.0028541830569083796,1.85
332,0.7,0.5,6,10,gbr,-0.022758955815688885,0.0,0.0,0.0,0.3158293650793651,0.47871428571428576,3.43,0.5090436507936508,0.8437142857142856,7.14,0.24683333333333335,0.26971428571428574,1.59
333,0.7,0.5,6,100,gbr,0.11773522642844031,0.0,0.0,0.0,0.29676099396671685,0.3155988964203237,18.4,0.4997248467929991,0.7735317241814132,59.9,0.1765,0.04700607421055576,2.2
334,0.7,0.5,6,500,gbr,0.12550342349185742,0.0,0.0,0.0,0.325608373598278,0.2947396638241064,84.42,0.49854923207801916,0.7731850652477563,288.19,0.12994444444444445,0.012452137239390159,2.8
335,0.7,0.5,6,1000,gbr,0.13505730367327032,0.0,0.0,0.0,0.3133991407159275,0.2747453921591504,151.84,0.4962585107003398,0.7826158248416197,582.77,0.17959523809523809,0.006542895792526284,3.04
336,0.8,0.1,1,10,gbr,0.8238535324320018,0.0,0.0,0.0,0.04638095238095238,0.9643333333333334,5.12,0.08961507936507936,0.9757619047619047,5.42,0.019666666666666666,0.9385833333333333,4.75
337,0.8,0.1,1,100,gbr,0.8316731076493648,0.0,0.0,0.0,0.05141812284442929,0.9714083089002039,50.67,0.10043142388994192,0.980933295615699,54.03,0.008301292335115862,0.2948368182780363,14.67
338,0.8,0.1,1,500,gbr,0.8220496988069567,0.0,0.0,0.0,0.05051570298147027,0.9654806949074535,253.54,0.10261203560764803,0.9762126466078651,271.41,0.013132056302190937,0.06784777808755484,16.9
339,0.8,0.1,1,1000,gbr,0.7985780562648618,0.0,0.0,0.0,0.05197241556768843,0.9453113470383764,498.01,0.1018808869269665,0.9719333725237531,540.44,0.005302905919121836,0.027922894239529407,14.03
340,0.8,0.1,2,10,gbr,0.1996492001103973,0.0,0.0,0.0,0.010285714285714285,0.29382142857142857,2.58,0.08751984126984126,0.8831547619047619,8.26,0.011595238095238094,0.37602777777777774,3.26
341,0.8,0.1,2,100,gbr,0.2563634102453552,0.0,0.0,0.0,0.022541125718516207,0.23747312383178218,20.15,0.10134035861384565,0.9142764514338055,83.78,0.014689449038026487,0.08279341505894695,6.88
342,0.8,0.1,2,500,gbr,0.28567681719464494,0.0,0.0,0.0,0.017816927109442115,0.20772314475262468,87.11,0.09994878958341825,0.9133757014271988,415.16,0.009074041154923506,0.014432085303977273,6.01
343,0.8,0.1,2,1000,gbr,0.28254241680335446,0.0,0.0,0.0,0.0189542500076386,0.20641220623759537,173.92,0.10008746060160117,0.9130396584693051,832.45,0.016451367875280915,0.008407193267501587,7.04
344,0.8,0.1,5,10,gbr,-0.19895022694090184,0.0,0.0,0.0,0.025,0.03230952380952381,0.2,0.09,0.06425,0.5,0.075,0.04449999999999999,0.32
345,0.8,0.1,5,100,gbr,-0.03058862420779361,0.0,0.0,0.0,0.0125,0.003212790934093641,0.19,0.10966666666666666,0.013142908624838632,0.95,0.06,0.003943138060961269,0.26
346,0.8,0.1,5,500,gbr,-0.027718637121141736,0.0,0.0,0.0,0.044333333333333336,0.001010682070183472,0.43,0.15643934688499905,0.005566524871996729,2.1,0.07416666666666667,0.000925616026641961,0.33
347,0.8,0.1,5,1000,gbr,-0.02449008942863023,0.0,0.0,0.0,0.06672222222222222,0.0013619065708965691,1.05,0.1213806438218203,0.00327612365902831,2.5,0.09833333333333334,0.000635498147607188,0.47
348,0.8,0.1,6,10,gbr,-0.08924860669152876,0.0,0.0,0.0,0.0525,0.05902380952380952,0.34,0.11,0.10819047619047618,0.65,0.11,0.07309523809523809,0.43
349,0.8,0.1,6,100,gbr,0.073642142242129,0.0,0.0,0.0,0.02783333333333333,0.009694150984053695,0.44,0.0528030303030303,0.021150095493018984,0.99,0.015,0.006126441636285399,0.26
350,0.8,0.1,6,500,gbr,0.08543748516472485,0.0,0.0,0.0,0.05489435126277232,0.006158357432770174,1.51,0.10434795510646903,0.01062544226234812,2.86,0.04,0.001361501284286749,0.33
351,0.8,0.1,6,1000,gbr,0.09340416783374589,0.0,0.0,0.0,0.06632615995115994,0.002070832252394465,1.04,0.07597740641573011,0.00888208733756831,4.39,0.03,0.0010901674143401429,0.46
352,0.8,0.2,1,10,gbr,0.8030755647381119,0.0,0.0,0.0,0.09943253968253966,0.9840000000000001,5.56,0.20740079365079364,0.993,6.46,0.04926587301587301,0.97175,5.16
353,0.8,0.2,1,100,gbr,0.8145290470602232,0.0,0.0,0.0,0.10315825265777455,0.9799749459126,54.4,0.21071518387696322,0.9900213742591215,62.54,0.006011203067085417,0.5530074519234749,27.51
354,0.8,0.2,1,500,gbr,0.8020161244402613,0.0,0.0,0.0,0.09924300846607091,0.9700109151469989,269.61,0.19712373028453037,0.9835335970391118,306.75,0.006096183175345435,0.10180925530111275,25.74
355,0.8,0.2,1,1000,gbr,0.7968359926017033,0.0,0.0,0.0,0.097386154877021,0.9706801270478599,538.97,0.1980610006286917,0.986973848041455,617.16,0.002767996810034371,0.05902332280699803,29.7
356,0.8,0.2,2,10,gbr,0.2620859967688968,0.04052777777777778,0.4256388888888889,4.12,0.028265873015873008,0.6072182539682539,5.22,0.1741111111111111,1.0,9.99,0.02778571428571428,0.6123452380952381,5.2
357,0.8,0.2,2,100,gbr,0.2862727910373758,0.007757064864591281,0.06677655919759806,6.3,0.03492030117538789,0.49436961287979936,41.92,0.1846242424242424,0.9998684210526316,99.99,0.019677012315170207,0.12781934610993248,10.61
358,0.8,0.2,2,500,gbr,0.2854283032988997,0.0029061294091260494,0.027572732571559,12.62,0.03547720915513701,0.50659677924751,216.18,0.17772295613640982,1.0,499.87,0.01867394143570614,0.03054191882575842,12.74
359,0.8,0.2,2,1000,gbr,0.28591145179586286,0.008155040999428886,0.06685893641648281,62.48,0.034403667141841246,0.491946299844286,419.16,0.1784806114906285,0.9999270024220737,999.71,0.012926659370307278,0.01579547429290633,13.2
360,0.8,0.2,5,10,gbr,-0.19880042287150995,0.0,0.0,0.0,0.11566666666666667,0.07229761904761904,0.62,0.19595238095238096,0.1847738095238095,1.54,0.16833333333333333,0.0628095238095238,0.55
361,0.8,0.2,5,100,gbr,-0.032139966369586624,0.0,0.0,0.0,0.09921428571428571,0.010981144361265344,0.83,0.1426431665170055,0.041762844153317075,3.08,0.12033333333333333,0.010135022689548707,0.73
362,0.8,0.2,5,500,gbr,-0.021230022172511524,0.0,0.0,0.0,0.11302147525676937,0.005755171296771397,2.07,0.1750915538362227,0.023733287156864066,8.68,0.15116666666666667,0.0026807309916200327,0.9
363,0.8,0.2,5,1000,gbr,-0.028783241445555104,0.0,0.0,0.0,0.08628315815815815,0.002982893751036827,2.23,0.21555015149227533,0.028052496693373046,21.09,0.127,0.000818312047569002,0.6
364,0.8,0.2,6,10,gbr,-0.046673105145771894,0.0,0.0,0.0,0.09783333333333333,0.12207142857142857,0.76,0.15321428571428572,0.21166666666666667,1.35,0.13,0.10554761904761904,0.59
365,0.8,0.2,6,100,gbr,0.09319926371956154,0.0,0.0,0.0,0.12159685412626589,0.035211504056662714,1.87,0.18532138402533138,0.08759286930240913,4.68,0.13116666666666668,0.014904425670931731,0.78
366,0.8,0.2,6,500,gbr,0.09207637317439131,0.0,0.0,0.0,0.1375528858735755,0.021442884952122987,5.43,0.22148368112271563,0.06666529566798979,17.72,0.10226190476190476,0.004118999820063314,1.03
367,0.8,0.2,6,1000,gbr,0.09527954676721215,0.0,0.0,0.0,0.1544234358096105,0.01759613832748857,9.0,0.20454735958293394,0.0681583450778729,35.87,0.13385714285714287,0.0019259267742833088,0.99
368,0.8,0.5,1,10,gbr,0.7440571808214171,0.028999999999999998,0.06,0.6,0.2170912698412698,0.9791428571428571,6.65,0.47011111111111115,1.0,9.86,0.061384920634920626,0.9639841269841269,5.32
369,0.8,0.5,1,100,gbr,0.8195539705780321,0.0149,0.03,3.0,0.24676670139412576,0.9924241351387225,66.13,0.49385331591520254,0.9995999999999999,98.87,0.011076376630249223,0.8343057108900019,42.36
370,0.8,0.5,1,500,gbr,0.82458040339864,0.005110220440881763,0.01,4.99,0.2567630585114376,0.9932296752278237,333.93,0.49271577009687795,0.9996327440507222,492.36,0.004645981690514347,0.2758811594898641,69.38
371,0.8,0.5,1,1000,gbr,0.7992431318692711,0.00499,0.01,10.0,0.24871461673142442,0.9920122351374532,658.82,0.4940445898719428,0.9997387085965184,985.81,0.004032102565278747,0.1458189045855158,72.86
372,0.8,0.5,2,10,gbr,0.2103979761886103,0.17300000000000001,1.0,10.0,0.0821626984126984,0.8734007936507936,7.96,0.17300000000000001,1.0,10.0,0.060559523809523806,0.7929603174603175,7.0
373,0.8,0.5,2,100,gbr,0.2914955449302376,0.1845,1.0,100.0,0.08978847730134873,0.8895757250236942,79.78,0.1845,1.0,100.0,0.022689612699835427,0.29556059566383597,24.78
374,0.8,0.5,2,500,gbr,0.2736480558905718,0.18162,1.0,500.0,0.0924031659704138,0.8820777177175636,397.91,0.18162,1.0,500.0,0.012132537449601131,0.080572141184277,33.39
375,0.8,0.5,2,1000,gbr,0.2826651364566386,0.1801,1.0,1000.0,0.09076722218539324,0.8854324410306706,798.82,0.1801,1.0,1000.0,0.021140429939583892,0.035253615336558686,29.34
376,0.8,0.5,5,10,gbr,-0.19026709433440112,0.0,0.0,0.0,0.2915595238095238,0.29938095238095236,2.55,0.48775793650793653,0.9801428571428572,9.78,0.38083333333333336,0.1838015873015873,1.68
377,0.8,0.5,5,100,gbr,-0.03227913636785676,0.0,0.0,0.0,0.2595355718412994,0.07236671791656069,5.73,0.49282503425810686,0.9716563043551102,96.47,0.24516666666666664,0.02244864526572917,1.62
378,0.8,0.5,5,500,gbr,-0.03081280604586354,0.0,0.0,0.0,0.25430830347744576,0.06251661975975431,23.5,0.4924147497792521,0.9636742633810351,475.59,0.14820238095238095,0.005370296281773409,1.76
379,0.8,0.5,5,1000,gbr,-0.030281624332468247,0.0,0.0,0.0,0.2727624222793342,0.05029578501254648,38.17,0.49358576390932035,0.971219143820695,960.6,0.18086446886446886,0.002835297853945808,1.87
380,0.8,0.5,6,10,gbr,-0.0748717717144416,0.0,0.0,0.0,0.3573412698412698,0.3637380952380952,2.74,0.504170634920635,0.762,6.63,0.3116666666666667,0.21511904761904763,1.36
381,0.8,0.5,6,100,gbr,0.08252330988597753,0.0,0.0,0.0,0.3117879282040147,0.26569783918189954,16.14,0.49980448851506215,0.7568689628823496,60.03,0.19264285714285712,0.04348195280961835,2.15
382,0.8,0.5,6,500,gbr,0.09335888926587987,0.0,0.0,0.0,0.2938483162457248,0.19828346996445512,56.87,0.5010804060307534,0.735235204068988,281.87,0.16079882862235803,0.01158781524214627,2.83
383,0.8,0.5,6,1000,gbr,0.09456913230397795,0.0,0.0,0.0,0.30550569319274173,0.20962713360386576,121.05,0.5009745836305706,0.7432133972463916,568.54,0.16917132575027313,0.005263536922916697,2.7
384,0.9,0.1,1,10,gbr,0.691713250911389,0.0,0.0,0.0,0.05601587301587301,0.9004523809523809,4.9,0.13010714285714284,0.9423095238095237,5.5,0.04560714285714285,0.846452380952381,4.45
385,0.9,0.1,1,100,gbr,0.7703981199582333,0.0,0.0,0.0,0.05504209157055266,0.9394139314762319,50.17,0.10127824408677688,0.9663361455876036,54.23,0.012060303776683084,0.1396490820786557,7.2
386,0.9,0.1,1,500,gbr,0.7650924513054557,0.0,0.0,0.0,0.05231298214866645,0.9231659959785772,241.79,0.10076968107192208,0.9508338747848619,262.6,0.015882918358962,0.03277274660923866,8.3
387,0.9,0.1,1,1000,gbr,0.7681782199542445,0.0,0.0,0.0,0.05063317826794301,0.9400163252835217,494.93,0.1003069858650619,0.9630070759221708,535.12,0.013317982456140352,0.014405028722721798,7.31
388,0.9,0.1,2,10,gbr,0.10521987199450948,0.0,0.0,0.0,0.009999999999999998,0.2543174603174603,2.19,0.09244841269841268,0.8836111111111111,8.22,0.03083333333333333,0.3554325396825396,3.06
389,0.9,0.1,2,100,gbr,0.20257742349382518,0.0,0.0,0.0,0.01352052012778503,0.16735467838305326,14.17,0.0951296674231981,0.8479427948032565,76.9,0.00986333927510398,0.058015661412872656,4.87
390,0.9,0.1,2,500,gbr,0.2347987168189609,0.0,0.0,0.0,0.01314333166660439,0.15857030842317635,66.53,0.09613176765978108,0.853389070331819,385.57,0.013154761904761905,0.013191985392561983,5.45
391,0.9,0.1,2,1000,gbr,0.23825364109022718,0.0,0.0,0.0,0.015138968393319591,0.11949610537405125,99.38,0.09924454414270838,0.854188341253989,769.41,0.025744121075003425,0.005620181107398239,4.64
392,0.9,0.1,5,10,gbr,-0.17666853117436931,0.0,0.0,0.0,0.03,0.017869047619047614,0.14,0.09583333333333334,0.04409920634920634,0.37,0.08,0.031480158730158726,0.26
393,0.9,0.1,5,100,gbr,-0.03983166214201035,0.0,0.0,0.0,0.05833333333333333,0.0021852488368135007,0.21,0.13417460317460317,0.009993705063300287,0.86,0.0875,0.003208492910594612,0.28
394,0.9,0.1,5,500,gbr,-0.04215345945076463,0.0,0.0,0.0,0.09866666666666667,0.0010424971374530531,0.53,0.10621428571428572,0.0025081287215962113,1.07,0.09666666666666666,0.000839794032015977,0.34
395,0.9,0.1,5,1000,gbr,-0.03888950325215084,0.0,0.0,0.0,0.051,0.000575832086966235,0.44,0.07769264069264069,0.001971522076498039,1.62,0.09166666666666666,0.00031922617178977,0.29
396,0.9,0.1,6,10,gbr,-0.131936904495006,0.0,0.0,0.0,0.055,0.042749999999999996,0.23,0.14583333333333331,0.09041666666666666,0.55,0.125,0.04858333333333333,0.32
397,0.9,0.1,6,100,gbr,0.05064645906764981,0.0,0.0,0.0,0.054000000000000006,0.00835948154194595,0.44,0.0899126984126984,0.016845739260794995,0.94,0.045,0.007285223353326057,0.36
398,0.9,0.1,6,500,gbr,0.06227322355662672,0.0,0.0,0.0,0.09886507936507936,0.004015790367974817,1.13,0.07628998778998779,0.006872969891701291,1.78,0.04333333333333333,0.001656049343749485,0.42
399,0.9,0.1,6,1000,gbr,0.06706654078904893,0.0,0.0,0.0,0.0675,0.0013472190241825548,0.68,0.07479100971492275,0.004386434565883371,2.22,0.08166666666666667,0.000665422926491387,0.4
400,0.9,0.2,1,10,gbr,0.7272631076624009,0.0,0.0,0.0,0.11665079365079364,0.9490238095238095,5.31,0.19923809523809521,0.9768095238095238,6.05,0.04980158730158729,0.9260714285714287,4.69
401,0.9,0.2,1,100,gbr,0.7904075772979502,0.0,0.0,0.0,0.09430716552008908,0.9695866879182989,53.79,0.19347994181787523,0.9812693710638676,61.23,0.01575527147431172,0.31747023549904996,16.2
402,0.9,0.2,1,500,gbr,0.7310693830926833,0.0,0.0,0.0,0.09915648644963855,0.9269144840891088,256.7,0.20450906370228344,0.9568329268557642,299.32,0.008770296748930788,0.06564023401890375,16.64
403,0.9,0.2,1,1000,gbr,0.7619518578935957,0.0,0.0,0.0,0.1017149255649358,0.955518340802718,529.84,0.20442028376407742,0.975609564412506,611.09,0.007260506275547728,0.03540650742323996,17.71
404,0.9,0.2,2,10,gbr,0.11535879550235131,0.021472222222222222,0.24055555555555558,2.38,0.04607142857142857,0.47365079365079366,4.24,0.17,0.9990000000000001,9.99,0.05045238095238095,0.5065992063492063,4.45
405,0.9,0.2,2,100,gbr,0.2221229940714703,0.0039928220798571955,0.02925925925925926,2.78,0.03802254388518017,0.4037272075643067,34.33,0.1858154634421552,0.9996102564102565,99.85,0.01949786767178071,0.11110089667349969,9.25
406,0.9,0.2,2,500,gbr,0.23194781634026376,0.0020042194092827,0.009768041237113402,4.74,0.039221505646981646,0.4203238081615764,178.47,0.18667548837998788,0.9994781495735431,499.35,0.0265523787364666,0.023868524656473454,9.99
407,0.9,0.2,2,1000,gbr,0.23603422210583092,0.0,0.0,0.0,0.040045622112959006,0.4415807203836499,374.99,0.1863690521760644,0.9996577121420919,998.53,0.016623127143166442,0.013802881159697274,11.42
408,0.9,0.2,5,10,gbr,-0.21993521574631777,0.0,0.0,0.0,0.05433333333333334,0.0567063492063492,0.41,0.16142857142857142,0.17653968253968252,1.4,0.12,0.07367460317460316,0.53
409,0.9,0.2,5,100,gbr,-0.057582542116568075,0.0,0.0,0.0,0.12469047619047618,0.011845519907553734,0.94,0.2213103637922927,0.05102689861618333,4.11,0.154,0.008493839157489708,0.65
410,0.9,0.2,5,500,gbr,-0.042164792676939546,0.0,0.0,0.0,0.07329797979797979,0.003183249548023366,1.12,0.17127736801506455,0.02109131853797307,8.09,0.0925,0.001139363240449979,0.42
411,0.9,0.2,5,1000,gbr,-0.037713319841915005,0.0,0.0,0.0,0.1119167314167314,0.002359952006112589,1.84,0.18125006329062943,0.013967679384573375,10.68,0.06833333333333333,0.0008332458859174121,0.55
412,0.9,0.2,6,10,gbr,-0.14931736513618785,0.0,0.0,0.0,0.11466666666666667,0.1420833333333333,0.86,0.19007142857142856,0.2773333333333333,1.81,0.17,0.11125,0.7
413,0.9,0.2,6,100,gbr,0.051258961881683225,0.0,0.0,0.0,0.09147619047619047,0.027640384793311993,1.43,0.16760532134496584,0.07431328897977289,4.26,0.1,0.015452037159094689,0.77
414,0.9,0.2,6,500,gbr,0.052174239497402304,0.0,0.0,0.0,0.177291664475875,0.0156186715519756,4.33,0.21148074454470175,0.04279696042037526,12.3,0.18761904761904763,0.0032504058028689133,0.96
415,0.9,0.2,6,1000,gbr,0.06125889116845655,0.0,0.0,0.0,0.14737784830040604,0.015503975616569434,8.02,0.1901741611492019,0.04146355274329735,22.71,0.15916666666666665,0.0014508246427913172,0.81
416,0.9,0.5,1,10,gbr,0.7128509484213822,0.012,0.03,0.3,0.2248333333333333,0.9619365079365079,6.73,0.47200000000000003,0.9975,9.95,0.08266666666666665,0.949297619047619,5.51
417,0.9,0.5,1,100,gbr,0.7738075940225413,0.0,0.0,0.0,0.2566933977998138,0.987653151701331,66.44,0.49585276964835,1.0,99.01,0.021027471172536186,0.686155420530092,34.89
418,0.9,0.5,1,500,gbr,0.7698844047996236,0.009739759036144578,0.02,9.98,0.2513449475970976,0.9797276560190776,327.31,0.4942985051167819,0.999722020302794,494.56,0.01567481801562721,0.15313260347422042,38.92
419,0.9,0.5,1,1000,gbr,0.7891670542937074,0.0,0.0,0.0,0.25188345102526705,0.9807833808019175,656.96,0.49241739970689535,0.9994161631260612,985.83,0.009240189843739635,0.07448431752281295,37.69
420,0.9,0.5,2,10,gbr,0.13806502703855522,0.18400000000000002,1.0,10.0,0.08131746031746032,0.838515873015873,7.54,0.18400000000000002,1.0,10.0,0.07154761904761903,0.7280039682539683,6.4
421,0.9,0.5,2,100,gbr,0.20142153628632922,0.1841,1.0,100.0,0.09562529125657095,0.8405463840196014,75.99,0.1841,1.0,100.0,0.02042039718668043,0.24114070809658814,20.11
422,0.9,0.5,2,500,gbr,0.2326102165623232,0.18884,1.0,500.0,0.09340703319316786,0.8337962331014859,373.37,0.18884,1.0,500.0,0.014299830837317848,0.059482497511552934,24.51
423,0.9,0.5,2,1000,gbr,0.23802209648668934,0.18727,1.0,1000.0,0.09352193180616827,0.8375668873544027,751.51,0.18727,1.0,1000.0,0.02009358323341488,0.03582523956630064,29.68
424,0.9,0.5,5,10,gbr,-0.19073354612541316,0.0,0.0,0.0,0.2359285714285714,0.24313095238095236,2.05,0.4998611111111111,0.9803095238095239,9.76,0.26,0.15354761904761904,1.2
425,0.9,0.5,5,100,gbr,-0.04881562753802269,0.0,0.0,0.0,0.2644471527901005,0.08876674184772837,6.71,0.49864819467448007,0.9746166218535651,97.01,0.28314285714285714,0.021523845720184856,1.59
426,0.9,0.5,5,500,gbr,-0.03996430672723663,0.0,0.0,0.0,0.24063014323085632,0.0490773310442508,18.91,0.4916988911638572,0.9702030754490417,480.66,0.17723484848484847,0.00423631847513725,1.53
427,0.9,0.5,5,1000,gbr,-0.04540017468114956,0.0,0.0,0.0,0.22372431507445406,0.03820443875964264,29.73,0.49511419791664835,0.9726754132821297,964.81,0.2341794871794872,0.002251972823068433,1.77
428,0.9,0.5,6,10,gbr,-0.11430613987585597,0.0,0.0,0.0,0.35834920634920636,0.43873015873015875,3.33,0.5316111111111111,0.8456984126984127,7.49,0.337,0.21281746031746032,1.53
429,0.9,0.5,6,100,gbr,0.04252717037064713,0.0,0.0,0.0,0.2819373387966827,0.21585765442752217,13.66,0.4896198637040645,0.695517334493096,56.46,0.1896904761904762,0.03775486933205101,1.89
430,0.9,0.5,6,500,gbr,0.057190556221560704,0.0,0.0,0.0,0.30913636277781564,0.16169431051801247,48.59,0.5031648199263647,0.7049108286101421,278.73,0.19676190476190478,0.008178052686308944,2.15
431,0.9,0.5,6,1000,gbr,0.06247189288723996,0.0,0.0,0.0,0.31310300105126637,0.15287453220475813,90.32,0.5011277568391962,0.7054216798760311,554.65,0.14391666666666666,0.004302678760186939,2.06
432,1.0,0.1,1,10,gbr,0.703038151996906,0.0,0.0,0.0,0.05208730158730159,0.9271666666666667,4.9,0.10157936507936506,0.9595,5.36,0.02551190476190476,0.7937341269841269,3.95
433,1.0,0.1,1,100,gbr,0.7517233546322489,0.0,0.0,0.0,0.05028892628129171,0.9295032164897851,49.11,0.09906380200788022,0.9601334207139414,53.43,0.007011132833713478,0.08223602937636337,4.2
434,1.0,0.1,1,500,gbr,0.7474139951334977,0.0,0.0,0.0,0.051093250039809746,0.9257877017034818,244.58,0.10143039545458205,0.9550706359600563,266.62,0.03076080352396142,0.01846398334909715,4.72
435,1.0,0.1,1,1000,gbr,0.7314759339005502,0.0,0.0,0.0,0.05020992914108168,0.8988790536152023,472.55,0.0995507392973444,0.942135237047902,522.52,0.01625548245614035,0.008509014722265194,4.35
436,1.0,0.1,2,10,gbr,0.14292258628291882,0.0,0.0,0.0,0.012333333333333333,0.20959920634920637,1.71,0.1138531746031746,0.7895555555555555,7.04,0.06241666666666666,0.3149642857142857,2.61
437,1.0,0.1,2,100,gbr,0.19296815282850605,0.0,0.0,0.0,0.024084058838854228,0.116198449776604,9.52,0.10087405583656857,0.8002101742253589,71.13,0.024153138528138527,0.05202187927492437,4.24
438,1.0,0.1,2,500,gbr,0.19605529904162622,0.0,0.0,0.0,0.0203501514767446,0.09832833411252531,40.79,0.09879027877562147,0.7876546151865718,351.2,0.019544011544011544,0.009738901131690854,4.02
439,1.0,0.1,2,1000,gbr,0.19390868356640223,0.0,0.0,0.0,0.016738911873985338,0.098470040208892,81.3,0.09985547305663117,0.7855168496506316,700.76,0.01724655388471178,0.005373777460480436,4.4
440,1.0,0.1,5,10,gbr,-0.22069794413831137,0.0,0.0,0.0,0.035,0.02872619047619047,0.21,0.0775,0.052023809523809514,0.43,0.065,0.0390595238095238,0.3
441,1.0,0.1,5,100,gbr,-0.06865219646293422,0.0,0.0,0.0,0.12125,0.0044126097834485505,0.37,0.15791666666666665,0.01194387778159081,0.95,0.13,0.0043063439228723435,0.36
442,1.0,0.1,5,500,gbr,-0.04890188243968262,0.0,0.0,0.0,0.032651515151515154,0.000883828848878823,0.33,0.08587362637362637,0.0029306873743559694,1.13,0.075,0.000800039689293308,0.28
443,1.0,0.1,5,1000,gbr,-0.0508243006812913,0.0,0.0,0.0,0.06142857142857142,0.00025987655456594696,0.21,0.07365079365079365,0.00162011586313525,1.36,0.095,0.000326471332851747,0.28
444,1.0,0.1,6,10,gbr,-0.13627001622007862,0.0,0.0,0.0,0.07,0.058535714285714274,0.38,0.125,0.08389285714285714,0.55,0.09,0.05671428571428571,0.35
445,1.0,0.1,6,100,gbr,0.028822112546562764,0.0,0.0,0.0,0.03,0.00744675128965619,0.37,0.08286974789915966,0.024304251379246314,1.24,0.05833333333333333,0.006064333891687815,0.32
446,1.0,0.1,6,500,gbr,0.03889979838153467,0.0,0.0,0.0,0.03226388888888889,0.0033899696316471027,0.83,0.08762761069340015,0.007029332776950183,1.91,0.05333333333333333,0.001381289801750534,0.36
447,1.0,0.1,6,1000,gbr,0.038176623683667164,0.0,0.0,0.0,0.0665,0.0007967812929544641,0.5,0.07690366396888136,0.003238456218556811,1.94,0.04833333333333333,0.0005030648497368839,0.26
448,1.0,0.2,1,10,gbr,0.6573822762885125,0.0,0.0,0.0,0.10202777777777777,0.9079285714285714,4.76,0.20188095238095236,0.9518095238095238,5.7,0.04742857142857143,0.8990595238095238,4.35
449,1.0,0.2,1,100,gbr,0.7129965464585495,0.0,0.0,0.0,0.09456270349186756,0.9290956247791244,51.49,0.19619928754019747,0.957291667008833,59.9,0.0217007172565996,0.17953289818893808,9.17
450,1.0,0.2,1,500,gbr,0.7169521344473287,0.0,0.0,0.0,0.09825472664227913,0.9373906013319582,258.83,0.2004608523676975,0.9647050901946025,300.12,0.016776377870677088,0.04487841001951721,11.42
451,1.0,0.2,1,1000,gbr,0.7372040286248904,0.0,0.0,0.0,0.10066962685537441,0.9276806407220417,516.02,0.2022553577298266,0.9696977125105029,608.18,0.01670570780452533,0.02246804216809795,11.49
452,1.0,0.2,2,10,gbr,0.19367819653079643,0.018111111111111113,0.12,1.19,0.04102380952380952,0.4488452380952381,3.84,0.19753968253968254,0.9966666666666667,9.91,0.05042857142857143,0.4650912698412698,3.96
453,1.0,0.2,2,100,gbr,0.16273261928217964,0.0,0.0,0.0,0.04316585796428165,0.3293820979665423,27.87,0.19134589161613988,0.996628404728895,99.25,0.0374672619047619,0.09379695848312516,7.82
454,1.0,0.2,2,500,gbr,0.18754265018102917,0.0,0.0,0.0,0.03424001619492824,0.2983224646427841,125.35,0.19084203515374287,0.9974786222647509,496.5,0.011308922558922557,0.018361333992730867,7.51
455,1.0,0.2,2,1000,gbr,0.2026169633014686,0.0,0.0,0.0,0.048736802047582,0.3442089646238034,288.16,0.19536386083062574,0.9985971335062557,995.77,0.032504741391506095,0.010033478891705085,8.24
456,1.0,0.2,5,10,gbr,-0.1835357867841797,0.0,0.0,0.0,0.1703333333333333,0.054357142857142854,0.51,0.20928571428571427,0.15146428571428572,1.37,0.17833333333333332,0.06411904761904762,0.55
457,1.0,0.2,5,100,gbr,-0.0473671514472436,0.0,0.0,0.0,0.09302380952380952,0.008724921439971068,0.68,0.18868255174776913,0.03361942920754797,2.84,0.11449999999999999,0.008183448439784514,0.6
458,1.0,0.2,5,500,gbr,-0.048959512591535415,0.0,0.0,0.0,0.12483333333333332,0.0038904324372190367,1.48,0.20618861148149073,0.019670146871863633,7.94,0.12833333333333333,0.001918719013105876,0.69
459,1.0,0.2,5,1000,gbr,-0.04813035537897537,0.0,0.0,0.0,0.11525541125541125,0.0011705328746599189,0.93,0.18525210790737615,0.008772410246036158,6.72,0.13,0.000445451218550888,0.39
460,1.0,0.2,6,10,gbr,-0.09972084446269446,0.0,0.0,0.0,0.08199999999999999,0.10192857142857142,0.54,0.15235714285714286,0.19126190476190477,1.2,0.09166666666666666,0.09876190476190477,0.48
461,1.0,0.2,6,100,gbr,0.017382750612080035,0.0,0.0,0.0,0.1212435064935065,0.02763219804225801,1.48,0.1781848469989202,0.05838983619896437,3.43,0.122,0.014661620058188546,0.79
462,1.0,0.2,6,500,gbr,0.03967216086939097,0.0,0.0,0.0,0.09012472086736793,0.010197892121639643,2.74,0.17628193915435805,0.026595644163841414,7.57,0.08916666666666666,0.00254622483408716,0.69
463,1.0,0.2,6,1000,gbr,0.03545300143230611,0.0,0.0,0.0,0.117988792264521,0.007424672870129355,4.17,0.2161882976869164,0.034393108021079304,19.58,0.10733333333333332,0.0016040361344964828,0.84
464,1.0,0.5,1,10,gbr,0.6855554287423103,0.022000000000000002,0.04,0.4,0.2642738095238095,0.9853333333333333,6.63,0.5096666666666667,1.0,9.96,0.11746031746031745,0.9646071428571429,5.29
465,1.0,0.5,1,100,gbr,0.7283627257106332,0.005,0.01,1.0,0.2486279531185925,0.9800894376544762,64.71,0.49868715434452376,0.9995875850340136,98.66,0.019222460632280843,0.4457330177644429,22.4
466,1.0,0.5,1,500,gbr,0.746170313144932,0.0,0.0,0.0,0.24825870216540047,0.9821163605498225,327.89,0.4934703385992114,0.9996035700712465,494.83,0.01687300543020154,0.08047089087855534,20.52
467,1.0,0.5,1,1000,gbr,0.7245169012844037,0.0,0.0,0.0,0.25362584660009585,0.9738684677858259,650.61,0.4977088620859884,0.9997429031100367,991.3,0.02308067690024483,0.05488544615779441,27.8
468,1.0,0.5,2,10,gbr,0.13039713034348166,0.20600000000000002,1.0,10.0,0.10240873015873016,0.802936507936508,7.22,0.20600000000000002,1.0,10.0,0.08519444444444443,0.6849801587301587,5.98
469,1.0,0.5,2,100,gbr,0.1969158602498857,0.1968,1.0,100.0,0.09111853628744356,0.772325858236902,68.41,0.1968,1.0,100.0,0.032311070035915226,0.21525143111613454,17.85
470,1.0,0.5,2,500,gbr,0.19856617445524288,0.19542,1.0,500.0,0.09645021177239034,0.7736734053389546,344.79,0.19542,1.0,500.0,0.023670781929945907,0.06003177278273336,24.73
471,1.0,0.5,2,1000,gbr,0.1970831031129395,0.19827999999999998,1.0,1000.0,0.10016126556103899,0.7906581499062676,704.93,0.19827999999999998,1.0,1000.0,0.023315516284822414,0.025887120758628594,21.24
472,1.0,0.5,5,10,gbr,-0.11666976796854123,0.0,0.0,0.0,0.2449047619047619,0.22453571428571428,2.06,0.4916865079365079,0.9823571428571428,9.74,0.285,0.15589285714285714,1.33
473,1.0,0.5,5,100,gbr,-0.06203973969655958,0.0,0.0,0.0,0.2230241120217531,0.06974375001685798,5.59,0.49332712097227194,0.9625315123801856,95.66,0.249,0.01891595868959445,1.43
474,1.0,0.5,5,500,gbr,-0.053345953408424955,0.0,0.0,0.0,0.24404950347000973,0.03677699581530283,14.63,0.49150897545233113,0.9586808549473688,475.45,0.22383333333333333,0.0041322127386442245,1.53
475,1.0,0.5,5,1000,gbr,-0.0495468186049771,0.0,0.0,0.0,0.21046891895549089,0.019903803638990955,15.92,0.49388261889017826,0.960602888197124,950.51,0.20196969696969697,0.001703411963756759,1.33
476,1.0,0.5,6,10,gbr,-0.14411190928128542,0.0,0.0,0.0,0.37763888888888886,0.3964722222222223,3.08,0.5539126984126984,0.8247857142857142,7.61,0.35666666666666663,0.21919444444444444,1.43
477,1.0,0.5,6,100,gbr,0.03480305215669179,0.0,0.0,0.0,0.3206711486525489,0.2013204503659834,12.77,0.5148624621033298,0.7053214622437041,58.41,0.23533333333333334,0.030615776463798806,1.68
478,1.0,0.5,6,500,gbr,0.03295975472701099,0.0,0.0,0.0,0.27897351715166135,0.1150042345432611,36.68,0.5037427079124008,0.6809989860562119,276.92,0.10352380952380953,0.006759155656215139,1.69
479,1.0,0.5,6,1000,gbr,0.035730000173248254,0.0,0.0,0.0,0.31424231602940766,0.11179391372247828,68.98,0.5036852534501687,0.6682894776497039,539.27,0.20382539682539683,0.003900986936252003,2.19
