,sigma,q,set,ntest,regressor,BH_res_fdp,BH_res_power,BH_res_nsel,BH_rel_fdp,BH_rel_power,BH_rel_nsel,BH_2clip_fdp,BH_2clip_power,BH_2clip_nsel,Bonf_fdp,Bonf_power,Bonf_nsel
0,0.1,0.1,1,10,rf,0.0,0.0,0.0,0.07336507937,0.7276190476000001,3.89,0.10344841273,0.8311666666499999,4.71,0.04569047619047619,0.6549880952380953,3.34
1,0.1,0.1,1,100,rf,0.0,0.0,0.0,0.04299643843,0.70548167519,36.88,0.08880549891999999,0.80361668088,44.24,0.005370629785445272,0.3972341464446525,19.92
2,0.1,0.1,1,500,rf,0.0,0.0,0.0,0.05104587704,0.7180734838399999,189.66,0.09748741223,0.81695423324,227.58,0.01653490560043355,0.08299782086775091,20.88
3,0.1,0.1,1,1000,rf,0.0,0.0,0.0,0.048759549150000005,0.68967406251,362.59,0.09714464680000001,0.78465497152,434.81,0.012002101762971324,0.03426837563175035,17.3
4,0.1,0.1,2,10,rf,0.0,0.02,0.19,0.00644444444,0.91359126985,7.97,0.09788888886000001,1.0,9.58,0.011873015873015874,0.9213055555555556,8.23
5,0.1,0.1,2,100,rf,0.0,0.0,0.0,0.013882864889999999,0.93523158659,82.16,0.09577861279000001,0.99988095238,95.8,0.001058403361344534,0.6082785575075419,52.21
6,0.1,0.1,2,500,rf,0.0,0.0,0.0,0.01390319421,0.932500018,409.04,0.09786606826,0.99983864492,479.29,0.001033710810569576,0.12246749902981134,52.89
7,0.1,0.1,2,1000,rf,0.0,0.0,0.0,0.01338676619,0.93984543728,823.01,0.10069198817,0.9999653158399999,960.68,0.001020887482867737,0.05476429761736143,47.43
8,0.1,0.1,5,10,rf,0.0,0.0,0.0,0.045833333329999996,0.056797619050000005,0.4,0.07033333332,0.12935714286,0.88,0.10833333333333334,0.05801190476190476,0.45
9,0.1,0.1,5,100,rf,0.0,0.0,0.0,0.03019696971,0.010848683990000002,0.73,0.10622927076,0.04052475931,2.65,0.045,0.009562979199361632,0.51
10,0.1,0.1,5,500,rf,0.0,0.0,0.0,0.08295238096,0.00571260345,1.72,0.07029804057,0.01806867695,5.53,0.09949999999999999,0.002452626311683757,0.76
11,0.1,0.1,5,1000,rf,0.0,0.0,0.0,0.03819354664,0.00238465236,1.44,0.09796663035,0.01509972347,9.14,0.06833333333333333,0.000899531822264112,0.54
12,0.1,0.1,6,10,rf,0.0,0.0,0.0,0.07116666665,0.32683333331,1.35,0.09666666665,0.3942760942828283,1.63,0.06666666666666667,0.2516666666666667,0.9
13,0.1,0.1,6,100,rf,0.0,0.0,0.0,0.06198246054,0.16561288226999998,5.81,0.09764885783,0.26683392529,9.77,0.025580086580086578,0.06649594818727671,2.17
14,0.1,0.1,6,500,rf,0.0,0.0,0.0,0.07162696595,0.16434932298,28.97,0.09424886905999999,0.23847868514,43.04,0.048150793650793645,0.012894750979336672,2.17
15,0.1,0.1,6,1000,rf,0.0,0.0,0.0,0.05792679033,0.13287413301,45.83,0.09438807539,0.2240226609,79.59,0.0355,0.006404120626650895,2.1
16,0.1,0.2,1,10,rf,0.0,0.0,0.0,0.10882539682,0.80405952383,4.64,0.20316666666,0.91536904762,5.81,0.04317857142857143,0.7711785714285715,4.08
17,0.1,0.2,1,100,rf,0.0,0.0,0.0,0.09014253646,0.84351320098,46.95,0.19683329150999998,0.9187303851599999,57.91,0.016787464712925537,0.5218807623294701,26.28
18,0.1,0.2,1,500,rf,0.0,0.0,0.0,0.10984681714000001,0.82971259182,231.48,0.20319901459,0.91949156707,289.23,0.006024028577614829,0.16458617918686447,41.66
19,0.1,0.2,1,1000,rf,0.0,0.0,0.0,0.09396000255,0.8427794203400001,468.08,0.19970946504,0.93259369716,583.97,0.011126390657365452,0.08926944876825224,45.18
20,0.1,0.2,2,10,rf,0.0603174603,0.95646031746,8.93,0.02420238095,0.97846428571,8.67,0.136,1.0,10.0,0.025480158730158728,0.9525198412698412,8.48
21,0.1,0.2,2,100,rf,0.06677440688,0.99564668387,92.16,0.02743038083,0.9692584574800001,86.04,0.1369,1.0,100.0,0.0034443052356586163,0.7002686218927281,61.04
22,0.1,0.2,2,500,rf,0.06282551365,0.99659933163,460.78,0.02661576815,0.97446785448,433.7,0.13362,1.0,500.0,0.001973318400506586,0.23659502661745688,102.24
23,0.1,0.2,2,1000,rf,0.06689971836,0.99704182735,923.51,0.02724752166,0.9743209090499999,865.5,0.13596,1.0,1000.0,0.001887527972192584,0.11245205521085987,97.19
24,0.1,0.2,5,10,rf,0.0,0.0,0.0,0.10399999999000001,0.13013095238,0.86,0.22576190476000002,0.30185714287,2.22,0.14,0.11921825396825396,0.74
25,0.1,0.2,5,100,rf,0.0,0.0,0.0,0.06111616162,0.0338372127,2.02,0.19123689497000002,0.19133397163000002,12.57,0.06933333333333333,0.01980246075767167,1.19
26,0.1,0.2,5,500,rf,0.0,0.0,0.0,0.09152576284,0.0207263404,6.47,0.20340228967,0.13807932135,45.94,0.1195,0.003392104800659741,1.09
27,0.1,0.2,5,1000,rf,0.0,0.0,0.0,0.09575988243,0.01674230089,10.47,0.19014896117,0.14364272084,94.02,0.06388888888888888,0.0014151651881155818,0.85
28,0.1,0.2,6,10,rf,0.0,0.0,0.0,0.17524999999000002,0.40490476190999997,1.91,0.28096428573,0.51392857143,2.79,0.07333333333333333,0.39838095238095234,1.43
29,0.1,0.2,6,100,rf,0.0,0.0,0.0,0.15430708966999998,0.36237649273,13.68,0.20749245616,0.5107347638699999,20.72,0.05307539682539682,0.10035444588265012,3.34
30,0.1,0.2,6,500,rf,0.0,0.0,0.0,0.13886514957999999,0.3463658901,65.48,0.19592330286999998,0.49111604577999995,99.11,0.029435897435897432,0.02328782514599008,3.85
31,0.1,0.2,6,1000,rf,0.0,0.0,0.0,0.13682611954,0.34462176149,129.02,0.20051488277,0.5160397374,207.59,0.04767564788153023,0.01270798040092221,4.31
32,0.1,0.5,1,10,rf,0.284,0.56,5.6,0.24388888889000002,0.9489166666600001,6.48,0.49877777778000004,1.0,9.97,0.12779761904761902,0.8342592592592593,4.71
33,0.1,0.5,1,100,rf,0.2731,0.54,54.0,0.24799918888,0.93151373318,61.86,0.49790146946,0.99949388209,99.12,0.034529653235370335,0.6039711859228261,30.4
34,0.1,0.5,1,500,rf,0.2645,0.53,265.0,0.25045539874,0.88859163535,297.83,0.49357641618000003,0.99785714113,492.15,0.00916898677901682,0.4891541387561525,123.7
35,0.1,0.5,1,1000,rf,0.27460999999999997,0.55,550.0,0.24911127623999998,0.94700068525,632.57,0.49235321797,0.9995044288699999,986.52,0.009715349077115597,0.21778040742848115,109.29
36,0.1,0.5,2,10,rf,0.132,1.0,10.0,0.06317460317,0.99777777778,9.24,0.132,1.0,10.0,0.06329761904761905,0.9913333333333333,9.05
37,0.1,0.5,2,100,rf,0.13570000000000002,1.0,100.0,0.06752936317,0.9981170496,92.53,0.13570000000000002,1.0,100.0,0.006617067116275966,0.8637754373001673,74.91
38,0.1,0.5,2,500,rf,0.135,1.0,500.0,0.06953329006,0.9982016352499999,464.02,0.135,1.0,500.0,0.0017730465383518578,0.5979416926129627,258.16
39,0.1,0.5,2,1000,rf,0.13488,1.0,1000.0,0.06801822166,0.99824996231,926.67,0.13488,1.0,1000.0,0.001535256154231567,0.30646955845345064,264.84
40,0.1,0.5,5,10,rf,0.00816666667,0.026309523810000002,0.19,0.28654761904000003,0.43364285711999995,3.34,0.50841666667,0.9975,9.95,0.22083333333333333,0.2890595238095238,1.91
41,0.1,0.5,5,100,rf,0.0,0.0,0.0,0.24759755818999998,0.33076626236,22.89,0.49597637842,0.98845893043,97.97,0.16699999999999998,0.040371889534804695,2.54
42,0.1,0.5,5,500,rf,0.0,0.0,0.0,0.23921804769000002,0.27606968104,94.69,0.49017250742999996,0.99021570385,488.85,0.12707142857142859,0.00759995935350322,2.31
43,0.1,0.5,5,1000,rf,0.0,0.0,0.0,0.24273799491999998,0.2853292145,193.09,0.49154710298,0.98886565337,973.41,0.12140079365079365,0.005206227454843261,3.04
44,0.1,0.5,6,10,rf,0.0,0.0,0.0,0.34896031747,0.7627946127979798,4.17,0.52759920638,0.9277210884387755,6.45,0.1953333333333333,0.5508898508898509,2.4
45,0.1,0.5,6,100,rf,0.0,0.0,0.0,0.35237204583,0.77919506621,39.68,0.49502621275,0.9531806492699999,61.34,0.05888106338106338,0.16788337247594584,5.78
46,0.1,0.5,6,500,rf,0.0,0.0,0.0,0.34329908847,0.78853613677,196.14,0.49884887201,0.95779922168,310.82,0.027166995516137386,0.0650937173477109,10.69
47,0.1,0.5,6,1000,rf,0.0,0.0,0.0,0.3420344515,0.7855712931300001,382.81,0.49831326396000003,0.95373296661,607.52,0.04659820561661657,0.032755955473835134,11.02
48,0.2,0.1,1,10,rf,0.0,0.0,0.0,0.0715873016,0.7403849206399999,3.83,0.09617857144,0.81119444445,4.41,0.051500000000000004,0.65125,3.15
49,0.2,0.1,1,100,rf,0.0,0.0,0.0,0.06027033607,0.72883898209,37.81,0.09047879075,0.82032203108,44.66,0.015558375210187792,0.363593622099006,18.43
50,0.2,0.1,1,500,rf,0.0,0.0,0.0,0.047481593169999996,0.67297542745,177.71,0.09597416337,0.7473903721499999,208.36,0.015346296138194026,0.08174752699901626,20.6
51,0.2,0.1,1,1000,rf,0.0,0.0,0.0,0.04495035394,0.70716121349,369.76,0.09229922800000001,0.77826991894,428.52,0.00818329637841833,0.04433334660986077,22.33
52,0.2,0.1,2,10,rf,0.0,0.01,0.1,0.01169444444,0.89081746035,7.96,0.09227777776,1.0,9.71,0.014178571428571428,0.8730714285714285,7.61
53,0.2,0.1,2,100,rf,0.0,0.0,0.0,0.01058336649,0.88109028673,76.81,0.10140612601000001,0.99942035288,95.81,0.00293215072764708,0.4953972111705358,43.13
54,0.2,0.1,2,500,rf,9.661836e-05,0.00960187354,4.14,0.01363533546,0.88287927446,385.22,0.10095281046,0.9997442923,478.45,0.003323447386727386,0.09794460234963376,42.39
55,0.2,0.1,2,1000,rf,0.0,0.0,0.0,0.013786603369999999,0.8991642332,785.47,0.10159100614,0.99950129867,958.4,0.0027003517071015194,0.053397719010723106,46.0
56,0.2,0.1,5,10,rf,0.0,0.0,0.0,0.05366666666,0.09265079365000001,0.55,0.09214285713,0.1986626984,1.25,0.065,0.08142857142857142,0.51
57,0.2,0.1,5,100,rf,0.0,0.0,0.0,0.03,0.01036259378,0.61,0.10815292438,0.0369898933,2.53,0.08,0.007816179072627985,0.49
58,0.2,0.1,5,500,rf,0.0,0.0,0.0,0.03718225792,0.00608898241,1.78,0.12348002596,0.025498404080000002,7.78,0.06483333333333334,0.002402974488418676,0.71
59,0.2,0.1,5,1000,rf,0.0,0.0,0.0,0.03334029619,0.00300810574,1.73,0.08955207552,0.022900639849999998,13.63,0.02333333333333333,0.000742437251725606,0.42
60,0.2,0.1,6,10,rf,0.0,0.0,0.0,0.04983333333,0.21330952377999998,0.93,0.0987857143,0.2957738095,1.36,0.04333333333333333,0.23386243386243386,0.76
61,0.2,0.1,6,100,rf,0.0,0.0,0.0,0.05617632612,0.15022455596,5.42,0.0931272464,0.23232751599,8.73,0.03976190476190476,0.04641699314672529,1.57
62,0.2,0.1,6,500,rf,0.0,0.0,0.0,0.05824379590999999,0.11431598246,20.5,0.08606124446999999,0.19376594341,35.71,0.042666666666666665,0.009216769493346641,1.64
63,0.2,0.1,6,1000,rf,0.0,0.0,0.0,0.05514598513,0.10776691483,38.01,0.08966505656000001,0.19508136511,70.91,0.02619047619047619,0.004931595656333722,1.67
64,0.2,0.2,1,10,rf,0.0,0.0,0.0,0.10605555559,0.8153809523700001,4.77,0.22078174605,0.9214047619,6.14,0.05123015873015874,0.7609246031746032,3.92
65,0.2,0.2,1,100,rf,0.0,0.0,0.0,0.10426892893,0.79149501796,43.57,0.19510769783,0.89562982676,54.74,0.024205843040045888,0.5140527395002644,26.57
66,0.2,0.2,1,500,rf,0.0,0.0,0.0,0.10107679127000001,0.8061163206,222.76,0.19953642983000003,0.91283095441,284.78,0.006963281470604106,0.1748625038110865,43.55
67,0.2,0.2,1,1000,rf,0.0,0.0,0.0,0.1060013365,0.80912996659,450.44,0.20178241668000002,0.9042881033000001,566.96,0.00898707726465961,0.08080537186481122,40.67
68,0.2,0.2,2,10,rf,0.05953968251,0.98757142857,9.18,0.02537301586,0.9675634920599999,8.66,0.128,1.0,10.0,0.018611111111111113,0.9602817460317461,8.41
69,0.2,0.2,2,100,rf,0.07835731998,0.99571000177,92.94,0.0305784075,0.96420859213,85.53,0.1402,1.0,100.0,0.002952919540678479,0.6150719382960942,53.04
70,0.2,0.2,2,500,rf,0.07007005387000001,0.99565464591,460.88,0.02779686837,0.96144524218,425.63,0.1394,1.0,500.0,0.001783168066183961,0.21356557687922229,92.39
71,0.2,0.2,2,1000,rf,0.06931167709000001,0.9956048001300001,921.76,0.0267313696,0.96257863906,852.0,0.13862,1.0,1000.0,0.0022949226564812357,0.09317001959070353,80.38
72,0.2,0.2,5,10,rf,0.0,0.0,0.0,0.05851190475,0.16841269840999998,1.05,0.20271825396,0.36933730158000005,2.8,0.11833333333333335,0.16430555555555554,1.07
73,0.2,0.2,5,100,rf,0.0,0.0,0.0,0.06730068541999999,0.04211547317,2.51,0.17888262198,0.1998673402,13.17,0.11566666666666667,0.015419560850652526,0.94
74,0.2,0.2,5,500,rf,0.0,0.0,0.0,0.09595398269000001,0.02641149584,7.97,0.19334692791,0.17366000928999997,56.73,0.10625,0.00425264210280449,1.29
75,0.2,0.2,5,1000,rf,0.0,0.0,0.0,0.08750029555,0.01760761391,10.54,0.18782556163,0.13734877337,89.74,0.06142857142857142,0.002025516072348555,1.16
76,0.2,0.2,6,10,rf,0.0,0.0,0.0,0.12433333332,0.45018037518181814,1.83,0.18226190475999998,0.5831770081818182,2.55,0.11166666666666666,0.25214285714285717,1.16
77,0.2,0.2,6,100,rf,0.0,0.0,0.0,0.10815882648000001,0.29077769563,11.53,0.1869589642,0.46563441162,19.52,0.0416978021978022,0.09043133672642605,3.12
78,0.2,0.2,6,500,rf,0.0,0.0,0.0,0.14220738368,0.28020315526,53.07,0.19562574484999998,0.43786673632,88.61,0.03107178932178932,0.017481868690518057,2.97
79,0.2,0.2,6,1000,rf,0.0,0.0,0.0,0.13838273524,0.29288779669,111.38,0.20431515163,0.4375029234,178.67,0.019893217893217893,0.010641235971969167,3.63
80,0.2,0.5,1,10,rf,0.255,0.53,5.3,0.27080158733000004,0.8977301587200001,6.44,0.48233333330999995,0.998,9.82,0.08292857142857142,0.8644285714285715,4.75
81,0.2,0.5,1,100,rf,0.29469999999999996,0.58,58.0,0.25396874232,0.89403421142,60.44,0.49388419761999997,0.99893435635,98.66,0.030101826675876808,0.5759744969351617,29.77
82,0.2,0.5,1,500,rf,0.20448,0.41,205.0,0.24869290225000001,0.92063269444,306.33,0.49260125067,0.9988849862799999,491.03,0.027016851919180726,0.4107290957874879,102.14
83,0.2,0.5,1,1000,rf,0.23426,0.47,470.0,0.25466783583,0.9272683485800001,626.08,0.49070060017000006,0.99939271453,987.37,0.013207907758836132,0.2312721023437655,116.06
84,0.2,0.5,2,10,rf,0.121,1.0,10.0,0.05703968252,0.99398809524,9.27,0.121,1.0,10.0,0.03958333333333333,0.9881269841269841,8.95
85,0.2,0.5,2,100,rf,0.1353,1.0,100.0,0.07069783147,0.99724373731,92.8,0.1353,1.0,100.0,0.008883794825129722,0.7791212073793158,67.58
86,0.2,0.5,2,500,rf,0.13932,1.0,500.0,0.07138552311,0.99589458139,461.55,0.13932,1.0,500.0,0.002153355429620613,0.4809752599956969,208.88
87,0.2,0.5,2,1000,rf,0.13857,1.0,1000.0,0.06735280978,0.99507200745,919.16,0.13857,1.0,1000.0,0.00243034980502268,0.25880280027750485,224.21
88,0.2,0.5,5,10,rf,0.01883333333,0.02392857143,0.27,0.25298809521,0.45695238093999996,3.59,0.49280555556000005,0.97444444444,9.64,0.19733333333333333,0.3365952380952381,2.16
89,0.2,0.5,5,100,rf,0.0,0.0,0.0,0.25075588665000004,0.32002177194,22.19,0.49551732596000003,0.993296497,98.21,0.14589285714285713,0.03827232541370671,2.42
90,0.2,0.5,5,500,rf,0.0,0.0,0.0,0.23944669617,0.28884676408,97.98,0.49536499016,0.98988151318,488.13,0.11445670995670994,0.009885169714903101,2.86
91,0.2,0.5,5,1000,rf,0.0,0.0,0.0,0.27298542907,0.2975293095,204.03,0.49468660069000003,0.99286865426,983.13,0.14188419913419914,0.004788900231017635,2.89
92,0.2,0.5,6,10,rf,0.0,0.0,0.0,0.30323412702999997,0.7501683501717171,4.47,0.47698809529,0.9272727272626262,6.88,0.19075,0.5195286195286195,2.34
93,0.2,0.5,6,100,rf,0.0,0.0,0.0,0.32723098907000003,0.7502386965,37.55,0.49220673109,0.94800566577,62.22,0.09902958152958152,0.13929999350289773,5.0
94,0.2,0.5,6,500,rf,0.0,0.0,0.0,0.33570441623,0.72098514839,175.53,0.50335194417,0.94511117364,306.29,0.05229848060436295,0.04855531302364696,8.26
95,0.2,0.5,6,1000,rf,0.0,0.0,0.0,0.33336490096,0.7397004154600001,361.64,0.49812588275999997,0.94091078817,609.14,0.03961159994975784,0.02516132372947152,8.48
96,0.3,0.1,1,10,rf,0.0,0.0,0.0,0.04830952383,0.72952380951,3.99,0.10598809526,0.80157142857,4.67,0.02653968253968254,0.6639603174603174,3.51
97,0.3,0.1,1,100,rf,0.0,0.0,0.0,0.04341798445,0.67851003594,35.16,0.09320543984,0.78738818428,43.08,0.008919491525423729,0.41643881537695193,21.37
98,0.3,0.1,1,500,rf,0.0,0.0,0.0,0.04886867919,0.7126802299899999,186.19,0.10562993912,0.79239651577,218.52,0.011569003158004491,0.0859686087538656,21.56
99,0.3,0.1,1,1000,rf,0.0,0.0,0.0,0.04442166278,0.70566260304,371.2,0.10593184431,0.80366701392,445.57,0.006797967517908774,0.04468126272731235,22.5
100,0.3,0.1,2,10,rf,0.0,0.0,0.0,0.0093968254,0.80226190478,6.93,0.10578968251000001,0.99763888889,9.5,0.016785714285714282,0.8221111111111111,7.26
101,0.3,0.1,2,100,rf,0.0,0.0,0.0,0.013505435880000001,0.82040437509,71.16,0.10277110105000001,0.9984548710500001,95.09,0.003485495890923114,0.4097670865247693,35.16
102,0.3,0.1,2,500,rf,0.0,0.0,0.0,0.014775738249999998,0.8182432445000001,356.12,0.1000482804,0.9984409295400001,475.75,0.004136973254299043,0.08169445347040613,35.03
103,0.3,0.1,2,1000,rf,0.0,0.0,0.0,0.01394707814,0.79061824715,688.15,0.1001491385,0.9988353661399999,952.6,0.001236336221630337,0.04059452483647323,34.9
104,0.3,0.1,5,10,rf,0.0,0.0,0.0,0.02583333333,0.06397619049,0.45,0.06066666666,0.13802380953,0.97,0.08,0.06396428571428571,0.43
105,0.3,0.1,5,100,rf,0.0,0.0,0.0,0.0398525641,0.01366950345,0.81,0.09843824228999999,0.050078040479999995,3.0,0.062,0.010191679342828443,0.59
106,0.3,0.1,5,500,rf,0.0,0.0,0.0,0.04090090465,0.00375485452,1.12,0.11111986633000001,0.01134242019,3.59,0.06142857142857142,0.002047620544279675,0.63
107,0.3,0.1,5,1000,rf,0.0,0.0,0.0,0.01683403914,0.0033954288799999998,1.95,0.10034522998,0.01934353151,11.94,0.07,0.001042598030400247,0.63
108,0.3,0.1,6,10,rf,0.0,0.0,0.0,0.10166666665000001,0.18386904761,0.83,0.15592857142,0.2297859547676768,1.12,0.04333333333333333,0.19192857142857142,0.67
109,0.3,0.1,6,100,rf,0.0,0.0,0.0,0.05984176789,0.10451601944,3.85,0.09385570543,0.16911564873999999,6.42,0.04,0.036092829587925125,1.26
110,0.3,0.1,6,500,rf,0.0,0.0,0.0,0.05756029218,0.06996282362,13.02,0.09361803244000001,0.12552788617000002,24.02,0.055785714285714286,0.009047690268860178,1.66
111,0.3,0.1,6,1000,rf,0.0,0.0,0.0,0.04621270164,0.06103167067,22.1,0.08451476970999999,0.12302509618,46.26,0.028095238095238093,0.004188189450390547,1.43
112,0.3,0.2,1,10,rf,0.0,0.0,0.0,0.06798809526,0.8199841269700001,4.66,0.18937698418,0.91588095237,5.98,0.07385714285714286,0.7245753968253968,3.93
113,0.3,0.2,1,100,rf,0.0,0.0,0.0,0.09655730914999999,0.80022256278,44.54,0.20854969043000002,0.8938539889499999,56.64,0.015726599248861488,0.5516443019260876,27.81
114,0.3,0.2,1,500,rf,0.0,0.0,0.0,0.0970166835,0.8091433195000001,222.66,0.19784104337,0.91026752278,282.06,0.002412629037629036,0.1789994030681762,44.91
115,0.3,0.2,1,1000,rf,0.0,0.0,0.0,0.09406407360999999,0.83093968919,459.18,0.20285802946,0.92843809147,580.81,0.005618536003363153,0.10390568124779324,52.3
116,0.3,0.2,2,10,rf,0.08452380951,0.9377698412700001,8.86,0.0354563492,0.92152380953,8.15,0.15200000000000002,1.0,10.0,0.03271031746031745,0.9374404761904762,8.09
117,0.3,0.2,2,100,rf,0.07077207117,0.9813150588099999,90.63,0.02695248989,0.9266651151099999,81.62,0.1433,1.0,100.0,0.0045047293196723,0.5582184683091478,47.97
118,0.3,0.2,2,500,rf,0.06807633574,0.9615190611100001,444.93,0.02795010141,0.9330609996299999,412.84,0.14,1.0,500.0,0.001803850033946191,0.17118612374780454,73.59
119,0.3,0.2,2,1000,rf,0.07664114267,0.99253513972,920.04,0.028955023479999998,0.93477346056,823.58,0.14464,1.0,1000.0,0.001799986595211693,0.0820042651369738,70.46
120,0.3,0.2,5,10,rf,0.0,0.0,0.0,0.09426190477,0.14861904762,0.97,0.16613095238,0.31884126985,2.31,0.11583333333333334,0.17867460317460318,1.07
121,0.3,0.2,5,100,rf,0.0,0.0,0.0,0.10465702352999999,0.04323412292000001,2.78,0.19655025694,0.22015582524,14.78,0.09691666666666666,0.01963352355744953,1.17
122,0.3,0.2,5,500,rf,0.0,0.0,0.0,0.09760756407,0.02498243006,7.8,0.20663730254,0.14882490589,49.55,0.08166666666666667,0.003898140097638455,1.16
123,0.3,0.2,5,1000,rf,0.0,0.0,0.0,0.06793663922,0.018701928330000003,11.74,0.19640431349,0.14292984950999998,94.23,0.08766666666666666,0.002502868323427383,1.42
124,0.3,0.2,6,10,rf,0.0,0.0,0.0,0.09754761904,0.36688095238,1.6,0.16105555554999998,0.47154761905000003,2.24,0.115,0.2898095238095238,1.19
125,0.3,0.2,6,100,rf,0.0,0.0,0.0,0.12583345133,0.25992177034,10.62,0.19753943707000002,0.42246889752,18.69,0.06142857142857142,0.06765192943832819,2.38
126,0.3,0.2,6,500,rf,0.0,0.0,0.0,0.13027964811,0.20618732592,40.36,0.19878073333,0.36110867141,76.0,0.03460714285714286,0.014752738384176886,2.6
127,0.3,0.2,6,1000,rf,0.0,0.0,0.0,0.12275840487,0.19448363495999998,76.35,0.19624553737,0.34976708213,147.25,0.04044877344877345,0.006598676600988237,2.35
128,0.3,0.5,1,10,rf,0.213,0.45,4.5,0.24781349208000003,0.9453095238,6.68,0.4731111111,1.0,9.95,0.12803571428571428,0.8713174603174604,5.06
129,0.3,0.5,1,100,rf,0.2646,0.53,53.0,0.25522613524,0.93125216311,61.82,0.4995519308,1.0,98.65,0.02171246419682169,0.6108989241681742,30.68
130,0.3,0.5,1,500,rf,0.24064,0.48,240.0,0.25304703619,0.93027611315,310.77,0.4952853242,0.9993242073099999,493.7,0.008039736495490784,0.4484588871583327,112.36
131,0.3,0.5,1,1000,rf,0.24852,0.5,500.0,0.24339369113,0.9234044097899999,616.13,0.49096005903,0.9990842797499999,986.92,0.018021228885352417,0.1837403455022627,92.13
132,0.3,0.5,2,10,rf,0.133,1.0,10.0,0.07863888886999999,0.99427777778,9.37,0.133,1.0,10.0,0.056206349206349204,0.9884880952380952,9.02
133,0.3,0.5,2,100,rf,0.1439,1.0,100.0,0.06892026378999999,0.99163661615,91.2,0.1439,1.0,100.0,0.008058576578152728,0.706870833997071,61.2
134,0.3,0.5,2,500,rf,0.14454,1.0,500.0,0.07295936077000001,0.99283383612,458.11,0.14454,1.0,500.0,0.002765818357503128,0.40600419254335696,174.88
135,0.3,0.5,2,1000,rf,0.14201,1.0,1000.0,0.07069202129,0.9930330964399999,916.88,0.14201,1.0,1000.0,0.002538471885927711,0.21176296811240897,182.17
136,0.3,0.5,5,10,rf,0.01,0.02,0.2,0.25533333331999997,0.45466666666,3.5,0.50209523809,0.9965714285699999,9.88,0.22383333333333333,0.2866984126984127,1.97
137,0.3,0.5,5,100,rf,0.0,0.0,0.0,0.25741800481,0.35429187343,25.41,0.49352931645,0.9878141046000001,97.78,0.20488095238095239,0.039715969195887324,2.56
138,0.3,0.5,5,500,rf,0.0,0.0,0.0,0.23956924242,0.27774629592,94.11,0.49489281488000003,0.98795553585,486.14,0.11914596514596515,0.009013114410758147,2.69
139,0.3,0.5,5,1000,rf,0.0,0.0,0.0,0.25328177682999997,0.31084223777,212.42,0.4939955774,0.99236100442,980.42,0.1386641414141414,0.00481516722977144,2.9
140,0.3,0.5,6,10,rf,0.0,0.0,0.0,0.34878571433,0.7223905724141414,4.58,0.513234127,0.8961279461414141,7.01,0.222,0.5115714285714286,2.23
141,0.3,0.5,6,100,rf,0.0,0.0,0.0,0.31927494693,0.66007183655,33.88,0.48671466848,0.9102664398500001,60.59,0.12508008658008657,0.13130516550176347,4.91
142,0.3,0.5,6,500,rf,0.0,0.0,0.0,0.34149136512,0.6614123696199999,168.2,0.49946649972,0.91779400721,305.22,0.05014499211882776,0.042433888136586086,7.45
143,0.3,0.5,6,1000,rf,0.0,0.0,0.0,0.33172700933,0.66591900112,329.74,0.49914727227,0.91373484605,602.63,0.06819710333526122,0.020752353290739475,7.5
144,0.4,0.1,1,10,rf,0.0,0.0,0.0,0.057634920650000004,0.6850476190400001,3.69,0.104218254,0.7879642857099999,4.47,0.02769047619047619,0.6636031746031746,3.48
145,0.4,0.1,1,100,rf,0.0,0.0,0.0,0.048045945359999995,0.7021560358000001,36.76,0.0889182564,0.78632058899,43.36,0.009648622783547533,0.4202072679572721,21.16
146,0.4,0.1,1,500,rf,0.0,0.0,0.0,0.04721368183,0.6811611309900001,179.14,0.10100464865999999,0.7961754400700001,220.71,0.013385828679297804,0.08372554486145413,21.12
147,0.4,0.1,1,1000,rf,0.0,0.0,0.0,0.04747690588,0.65316894663,342.97,0.09754319004999999,0.75902164665,420.83,0.0178200859533658,0.04374012679590852,21.8
148,0.4,0.1,2,10,rf,0.0,0.0,0.0,0.01551984127,0.72954761905,6.32,0.09645238093,0.99083333334,9.31,0.018880952380952377,0.7209444444444445,6.27
149,0.4,0.1,2,100,rf,0.0,0.0,0.0,0.013167899069999999,0.67404382223,58.15,0.09646465234999999,0.99578860185,93.98,0.001218581113978285,0.3302428225321436,28.34
150,0.4,0.1,2,500,rf,0.0,0.0,0.0,0.01522646999,0.6871764456,298.0,0.09959342080000001,0.99641603729,472.19,0.002266331946033323,0.06261487602594669,26.78
151,0.4,0.1,2,1000,rf,0.0,0.0,0.0,0.0133402208,0.67627708862,584.87,0.09968985523000001,0.99547554076,943.17,0.0039831079115529335,0.036403466478935595,31.11
152,0.4,0.1,5,10,rf,0.0,0.0,0.0,0.04866666666,0.06198809525,0.43,0.10769047619,0.14502380955,1.07,0.09,0.08667460317460315,0.59
153,0.4,0.1,5,100,rf,0.0,0.0,0.0,0.02608333333,0.01347075381,0.79,0.05930952381,0.03270903167,2.03,0.08166666666666667,0.00761735970633962,0.5
154,0.4,0.1,5,500,rf,0.0,0.0,0.0,0.07015660071,0.0057180018200000005,1.67,0.06780826372,0.01585226475,4.83,0.095,0.0013335297868971622,0.48
155,0.4,0.1,5,1000,rf,0.0,0.0,0.0,0.05994444443,0.00159248361,0.97,0.09464497936,0.01621352072,9.82,0.05166666666666666,0.001130669604741672,0.65
156,0.4,0.1,6,10,rf,0.0,0.0,0.0,0.05,0.16138095236000002,0.67,0.10099999999999999,0.21783710113131313,1.03,0.07666666666666666,0.15488215488215487,0.64
157,0.4,0.1,6,100,rf,0.0,0.0,0.0,0.052064213559999996,0.05864808851,2.25,0.08512344028999999,0.10665742787999999,4.22,0.05166666666666666,0.023119158275349747,0.85
158,0.4,0.1,6,500,rf,0.0,0.0,0.0,0.06641407788999999,0.045156151830000005,8.76,0.11501638911,0.08932505660000001,18.03,0.037000000000000005,0.005729040787984894,1.04
159,0.4,0.1,6,1000,rf,0.0,0.0,0.0,0.050323706909999995,0.03164705062,12.21,0.08457783502999999,0.07519353133000001,30.14,0.035,0.0028079972272119693,1.03
160,0.4,0.2,1,10,rf,0.0,0.0,0.0,0.08737301588999999,0.8407261904800001,4.81,0.18179365082,0.89758333333,5.82,0.028940476190476187,0.7519761904761905,3.7
161,0.4,0.2,1,100,rf,0.0,0.0,0.0,0.10169121385,0.8263311798799999,45.95,0.20338996077000002,0.9197178890000001,58.0,0.010817725043375016,0.5554663826828375,27.65
162,0.4,0.2,1,500,rf,0.0,0.0,0.0,0.09282785590999999,0.7867419194999999,217.92,0.20007340454,0.90915261802,284.11,0.004247491726481772,0.17074218982550768,42.7
163,0.4,0.2,1,1000,rf,0.0,0.0,0.0,0.09426040541000001,0.78775527966,436.63,0.19542018967,0.89733325358,557.34,0.020798283980558132,0.07594067656075988,38.35
164,0.4,0.2,2,10,rf,0.07960714283999999,0.91055555556,8.55,0.02859523808,0.87090079366,7.58,0.161,1.0,10.0,0.02466666666666666,0.8766785714285714,7.52
165,0.4,0.2,2,100,rf,0.08331813433,0.9686731607900001,90.33,0.028293020059999997,0.87048638473,76.4,0.1475,1.0,100.0,0.0042944895338825825,0.45242186487030756,38.82
166,0.4,0.2,2,500,rf,0.08498516410000001,0.98854693524,459.98,0.02911979027,0.8761277006900001,383.99,0.14912,1.0,500.0,0.002047143946825924,0.12912407015390814,55.06
167,0.4,0.2,2,1000,rf,0.08128894118,0.96922850443,900.28,0.03023358063,0.88009426686,772.82,0.14874,1.0,1000.0,0.0028532270880338075,0.06622232112730539,56.54
168,0.4,0.2,5,10,rf,0.0,0.0,0.0,0.1485952381,0.13750396828,1.16,0.20677380952,0.33770634923000004,2.67,0.0675,0.18752380952380954,0.98
169,0.4,0.2,5,100,rf,0.0,0.0,0.0,0.07442857143,0.023577597250000002,1.4,0.16749333632,0.15374908492,10.04,0.07333333333333333,0.015213852238969467,0.87
170,0.4,0.2,5,500,rf,0.0,0.0,0.0,0.09103598144,0.02056778324,6.35,0.17920625218000003,0.14114441373,46.73,0.11666666666666665,0.003968179873218338,1.18
171,0.4,0.2,5,1000,rf,0.0,0.0,0.0,0.08890736659,0.014196921559999999,8.8,0.20152005983,0.14317652707,94.69,0.102,0.002407521774751877,1.42
172,0.4,0.2,6,10,rf,0.0,0.0,0.0,0.11233333332,0.29658489656565656,1.41,0.15897619046,0.44037999036363634,2.22,0.14666666666666667,0.2616883116883117,1.1
173,0.4,0.2,6,100,rf,0.0,0.0,0.0,0.13479435757000002,0.17836463963,7.44,0.21289056735,0.29697683252,13.51,0.0775,0.047513878309948,1.77
174,0.4,0.2,6,500,rf,0.0,0.0,0.0,0.14781096523,0.14214948783,29.11,0.20710597302,0.29045886812,63.88,0.06378571428571428,0.01132020108274141,2.08
175,0.4,0.2,6,1000,rf,0.0,0.0,0.0,0.11627534860000001,0.12874702964,51.77,0.19008896749999998,0.25507779657,109.86,0.07911111111111112,0.005758317112465765,2.14
176,0.4,0.5,1,10,rf,0.243,0.49,4.9,0.24693253969,0.93566666666,6.25,0.515,1.0,9.9,0.11474999999999999,0.8490000000000001,4.85
177,0.4,0.5,1,100,rf,0.2509,0.51,51.0,0.24601705138,0.92888749612,62.21,0.48889574199999997,1.0,98.55,0.023117558422647892,0.6075396073198948,30.55
178,0.4,0.5,1,500,rf,0.23254000000000002,0.47,235.0,0.24554088566,0.92664294666,310.43,0.48961425559,0.99975506913,493.25,0.008353402196356515,0.4460963253818916,112.14
179,0.4,0.5,1,1000,rf,0.25318999999999997,0.51,510.0,0.24998307217000001,0.92590457081,619.22,0.49170025819,0.99931471831,984.69,0.026746456567273078,0.18080973439977155,90.27
180,0.4,0.5,2,10,rf,0.149,1.0,10.0,0.05834920634,0.9894484127,8.93,0.149,1.0,10.0,0.05784126984126984,0.9640476190476189,8.9
181,0.4,0.5,2,100,rf,0.149,1.0,100.0,0.07409115297999999,0.9847529620800001,90.55,0.149,1.0,100.0,0.008776823169568994,0.5898376584922996,50.66
182,0.4,0.5,2,500,rf,0.1485,1.0,500.0,0.07365294623,0.98750078215,453.89,0.1485,1.0,500.0,0.0017008579631758568,0.32242946003455353,137.11
183,0.4,0.5,2,1000,rf,0.1481,1.0,1000.0,0.07421167273,0.9863047626300001,907.65,0.1481,1.0,1000.0,0.003127024934171464,0.16288762994888678,139.54
184,0.4,0.5,5,10,rf,0.0,0.0,0.0,0.27341666664000003,0.47402380951,3.57,0.5178571428600001,0.99833333333,9.92,0.19633333333333333,0.2840748757415424,1.87
185,0.4,0.5,5,100,rf,0.0,0.0,0.0,0.25167881079,0.31254242488,22.27,0.49228039302,0.9893720188999999,98.11,0.20074603174603173,0.04693524398522975,2.97
186,0.4,0.5,5,500,rf,0.0,0.0,0.0,0.23616801041,0.27157124675,92.96,0.49169450267000003,0.98932782817,487.62,0.11117135642135642,0.01154542513977926,3.39
187,0.4,0.5,5,1000,rf,0.0,0.0,0.0,0.24764009766,0.27659487069,188.29,0.49604213316,0.9933998305,983.85,0.13924321919910154,0.0049689200252530956,2.98
188,0.4,0.5,6,10,rf,0.0,0.0,0.0,0.33782936509,0.7127619047500001,4.62,0.49708730161,0.9137806637777778,7.37,0.2003333333333333,0.4054178814382896,1.77
189,0.4,0.5,6,100,rf,0.0,0.0,0.0,0.31471692221,0.57307962877,29.49,0.49049566794,0.8772293017699999,59.6,0.11103174603174602,0.09544584559409794,3.71
190,0.4,0.5,6,500,rf,0.0,0.0,0.0,0.33460530823,0.59833844335,153.8,0.49458880596,0.8915506467000001,299.94,0.08454950604950603,0.03157604864968159,5.87
191,0.4,0.5,6,1000,rf,0.0,0.0,0.0,0.33598887300999997,0.58068294714,301.9,0.50023018812,0.8921733709699999,613.7,0.08841818312406546,0.013477585423985266,5.14
192,0.5,0.1,1,10,rf,0.0,0.0,0.0,0.05479365079,0.79459523808,4.16,0.09676984128,0.88288095237,4.9,0.033,0.6664761904761904,3.43
193,0.5,0.1,1,100,rf,0.0,0.0,0.0,0.049690905550000004,0.7045269405800001,36.26,0.09517404306999999,0.80840428875,43.9,0.013186530037895581,0.4253393632895519,21.18
194,0.5,0.1,1,500,rf,0.0,0.0,0.0,0.045803901529999996,0.72279310869,189.97,0.10378175518,0.83165444436,231.79,0.0026329145758032992,0.08149003000472745,20.34
195,0.5,0.1,1,1000,rf,0.0,0.0,0.0,0.046062398489999996,0.72347596416,381.72,0.09477367701,0.81557778661,454.94,0.018655352490646607,0.038123023445675946,19.25
196,0.5,0.1,2,10,rf,0.0,0.0,0.0,0.015357142859999999,0.59504761907,5.21,0.09377380951000001,0.98531349206,9.32,0.017194444444444443,0.6562063492063491,5.65
197,0.5,0.1,2,100,rf,0.0,0.0,0.0,0.01464966715,0.58138991055,50.17,0.09804466297999999,0.9927674158,93.43,0.005468844315679851,0.26543407990955764,22.51
198,0.5,0.1,2,500,rf,0.0,0.0,0.0,0.014286879720000001,0.57555482929,247.43,0.10088832325000001,0.9914808981500001,466.44,0.004445631859448812,0.05655765594515028,24.01
199,0.5,0.1,2,1000,rf,0.0,0.0,0.0,0.01451400547,0.57721376344,495.84,0.09932820932,0.99030591024,929.53,0.002825515037379442,0.026301613345144182,22.31
200,0.5,0.1,5,10,rf,0.0,0.0,0.0,0.01,0.0491388889,0.29,0.04875000001,0.11078174603,0.77,0.09333333333333334,0.07606349206349206,0.48
201,0.5,0.1,5,100,rf,0.0,0.0,0.0,0.05483333333,0.0076949142400000005,0.46,0.08854961705000002,0.0300635968,1.87,0.06733333333333333,0.007338550088818566,0.49
202,0.5,0.1,5,500,rf,0.0,0.0,0.0,0.04954433497,0.00373410195,1.18,0.10108079891999999,0.01291851008,4.18,0.04366666666666666,0.001505186218305212,0.46
203,0.5,0.1,5,1000,rf,0.0,0.0,0.0,0.03298894055,0.00360775069,2.1,0.08716702362999999,0.014678095790000002,9.1,0.06333333333333332,0.000724251996691554,0.45
204,0.5,0.1,6,10,rf,0.0,0.0,0.0,0.058333333339999995,0.11116666667000001,0.52,0.08583333333000001,0.161,0.78,0.045,0.1015952380952381,0.42
205,0.5,0.1,6,100,rf,0.0,0.0,0.0,0.04779004329,0.04154584930000001,1.76,0.07967662892999999,0.07489975158,3.28,0.07066666666666667,0.018656641203953966,0.74
206,0.5,0.1,6,500,rf,0.0,0.0,0.0,0.0620086137,0.02696019187,5.51,0.08623311402,0.05493667082,11.42,0.06166666666666667,0.003273278739412633,0.69
207,0.5,0.1,6,1000,rf,0.0,0.0,0.0,0.06570744324,0.02186930004,8.92,0.09699800797,0.04652497971,19.13,0.04833333333333333,0.002057651176721661,0.8
208,0.5,0.2,1,10,rf,0.0,0.0,0.0,0.09301984129999999,0.82816666666,4.73,0.21378571432000001,0.91926190477,6.08,0.05584523809523809,0.6916785714285715,3.52
209,0.5,0.2,1,100,rf,0.0,0.0,0.0,0.09651482184,0.84959819354,47.96,0.20157588596,0.93060570648,59.56,0.009624897206789863,0.5496185409560495,27.57
210,0.5,0.2,1,500,rf,0.0,0.0,0.0,0.09609416213,0.8328631862499999,231.04,0.19851657072,0.92104989524,287.47,0.009365361629919147,0.19247583527122408,48.19
211,0.5,0.2,1,1000,rf,0.0,0.0,0.0,0.09202737888,0.77811293619,431.74,0.19528124585,0.8931771522299999,557.59,0.009925882575447086,0.07593042728262826,38.25
212,0.5,0.2,2,10,rf,0.07722222221,0.8634166666699999,8.23,0.02650793652,0.79286904765,7.03,0.145,1.0,10.0,0.0265079365079365,0.7862619047619047,6.84
213,0.5,0.2,2,100,rf,0.08464825213999999,0.91629877671,86.18,0.0284406288,0.77842622358,68.34,0.14859999999999998,1.0,100.0,0.004748065973520717,0.3504326619732974,29.74
214,0.5,0.2,2,500,rf,0.07984658391,0.89357424458,414.67,0.029846300970000003,0.79461868376,346.17,0.15492,1.0,500.0,0.004695821650984696,0.10069024227678881,42.92
215,0.5,0.2,2,1000,rf,0.08109561146000001,0.8927296882500001,831.75,0.03065236063,0.76100443554,665.58,0.15272,1.0,1000.0,0.007432972059470688,0.05046888231943509,43.02
216,0.5,0.2,5,10,rf,0.0,0.0,0.0,0.09849999997999999,0.13826984128,0.95,0.20558333331,0.32181746029999997,2.25,0.14833333333333334,0.139984126984127,0.93
217,0.5,0.2,5,100,rf,0.0,0.0,0.0,0.08499102693999999,0.02662583437,1.79,0.19491213109,0.13636425762,9.09,0.06222222222222222,0.016907506901171578,0.99
218,0.5,0.2,5,500,rf,0.0,0.0,0.0,0.10324729276,0.01388934549,4.33,0.19232667882,0.11745521062,39.1,0.09266666666666666,0.0025763184494101347,0.82
219,0.5,0.2,5,1000,rf,0.0,0.0,0.0,0.09063563518000001,0.00895862029,5.57,0.18541166054000002,0.12388199085,82.5,0.12672727272727272,0.0015952622044138201,1.05
220,0.5,0.2,6,10,rf,0.0,0.0,0.0,0.14808333331,0.2432820265959596,1.18,0.23708730158000002,0.4125060125151515,2.19,0.14,0.23016666666666666,0.99
221,0.5,0.2,6,100,rf,0.0,0.0,0.0,0.138878126,0.15199122919,6.8,0.20185847077000002,0.26782772002,12.75,0.127,0.03731970592847902,1.53
222,0.5,0.2,6,500,rf,0.0,0.0,0.0,0.11721795619,0.07697562599,16.36,0.20365979975999998,0.18791821875,42.58,0.0725,0.007844043877361236,1.49
223,0.5,0.2,6,1000,rf,0.0,0.0,0.0,0.11352119728,0.07562195883,31.86,0.19391310700000003,0.18297516590000001,82.09,0.06603968253968254,0.0048240384509875564,1.87
224,0.5,0.5,1,10,rf,0.247,0.48,4.8,0.24506746034,0.94523809524,6.5,0.48615873016,1.0,9.91,0.10014285714285714,0.8539325396825397,4.72
225,0.5,0.5,1,100,rf,0.2324,0.47,47.0,0.24479697933,0.9192445108299999,60.96,0.49267309093,0.9985056492200001,97.93,0.026519988011617476,0.5392015426066306,27.21
226,0.5,0.5,1,500,rf,0.20815999999999998,0.42,210.0,0.24211655395,0.9126843906400001,306.68,0.48476776753,0.9986507475599999,492.47,0.014172217939852629,0.38814534559399755,97.37
227,0.5,0.5,1,1000,rf,0.23489000000000002,0.47,470.0,0.24891059609,0.92521443439,615.83,0.49389094307000003,0.99943787086,988.07,0.011363759855300653,0.24082043345505252,120.35
228,0.5,0.5,2,10,rf,0.161,1.0,10.0,0.08614285712999999,0.98836507937,9.07,0.161,1.0,10.0,0.051365079365079364,0.9506230158730159,8.55
229,0.5,0.5,2,100,rf,0.1561,1.0,100.0,0.07560271038,0.97048315198,88.64,0.1561,1.0,100.0,0.00763820946958095,0.48985224383528114,41.96
230,0.5,0.5,2,500,rf,0.15716,1.0,500.0,0.0785254259,0.97357326769,445.28,0.15716,1.0,500.0,0.004663391013250698,0.2600616313346515,110.28
231,0.5,0.5,2,1000,rf,0.15563000000000002,1.0,1000.0,0.07614670013,0.97435448639,890.66,0.15563000000000002,1.0,1000.0,0.004420005963230817,0.12668573359927593,107.43
232,0.5,0.5,5,10,rf,0.0,0.0,0.0,0.20992857143,0.35641666666,2.77,0.48570238095,0.9844880952299999,9.77,0.1805,0.3001865079365079,2.03
233,0.5,0.5,5,100,rf,0.0,0.0,0.0,0.23905849925999997,0.26742747133,18.85,0.48750249312,0.98832094567,97.79,0.16021428571428573,0.04031863728983657,2.53
234,0.5,0.5,5,500,rf,0.0,0.0,0.0,0.25381582503,0.24665824315,86.16,0.49629156984,0.99135931739,490.44,0.07189285714285715,0.006901661307543649,2.0
235,0.5,0.5,5,1000,rf,0.0,0.0,0.0,0.24152029566,0.22917104609,157.35,0.4927440963,0.98814060602,976.08,0.13352380952380952,0.0035225554435964713,2.19
236,0.5,0.5,6,10,rf,0.0,0.0,0.0,0.35382936506999996,0.6035353535555555,4.03,0.51941269843,0.8447278911632654,6.9,0.26016666666666666,0.371952380952381,1.93
237,0.5,0.5,6,100,rf,0.0,0.0,0.0,0.32154802633,0.49869737445,27.91,0.49911272628,0.86558741795,63.11,0.15870670995670996,0.0687911955841181,2.93
238,0.5,0.5,6,500,rf,0.0,0.0,0.0,0.32898623155,0.49729380257,131.19,0.5054142418,0.86581582534,306.89,0.12313281979458449,0.019424970485109737,4.04
239,0.5,0.5,6,1000,rf,0.0,0.0,0.0,0.33897251889,0.49939082171000004,264.91,0.49971801169999996,0.85843684855,598.12,0.12795932722248513,0.0084787037383156,3.5
240,0.6,0.1,1,10,rf,0.0,0.0,0.0,0.05633333333999999,0.75035317458,4.12,0.11717063493999999,0.8042142857100001,4.79,0.01908333333333333,0.6813214285714285,3.5
241,0.6,0.1,1,100,rf,0.0,0.0,0.0,0.04693780046,0.7674224122,40.56,0.09751733779,0.8553518341299999,47.79,0.0016373337623337607,0.39943153311065244,19.5
242,0.6,0.1,1,500,rf,0.0,0.0,0.0,0.06870569494999999,0.63016480666,166.62,0.10349371561,0.75138319333,209.47,0.008478199741435034,0.07317853919943121,18.55
243,0.6,0.1,1,1000,rf,0.0,0.0,0.0,0.04325090863,0.68670156463,361.71,0.09614227319999999,0.7959930493599999,442.74,0.003875200084473487,0.043646924240067164,21.91
244,0.6,0.1,2,10,rf,0.0,0.0,0.0,0.022595238110000002,0.46990079368,4.11,0.1021349206,0.98755952381,9.36,0.014416666666666666,0.5359365079365079,4.62
245,0.6,0.1,2,100,rf,0.0,0.0,0.0,0.011779502180000002,0.47722160946000003,40.77,0.09516560274,0.9802724105199999,91.25,0.006754398549486297,0.2048500418210416,17.23
246,0.6,0.1,2,500,rf,0.0,0.0,0.0,0.01572260043,0.46757292266999995,199.11,0.10015257277,0.9800114800299999,455.84,0.003444788544788543,0.03990361500847784,16.76
247,0.6,0.1,2,1000,rf,0.0,0.0,0.0,0.01625466178,0.4746171965,404.71,0.10054887470000001,0.97928362862,912.16,0.00956276458428677,0.0207247252738722,17.55
248,0.6,0.1,5,10,rf,0.0,0.0,0.0,0.03166666666,0.03636904763,0.25,0.07949999999,0.08886904765,0.63,0.085,0.07090476190476189,0.47
249,0.6,0.1,5,100,rf,0.0,0.0,0.0,0.07166666666,0.00897402272,0.56,0.12435912698,0.026077315900000002,1.72,0.08,0.006193096600206194,0.43
250,0.6,0.1,5,500,rf,0.0,0.0,0.0,0.03552813853,0.00249811609,0.76,0.089871476,0.01361131103,4.28,0.11166666666666666,0.0013210763328003082,0.48
251,0.6,0.1,5,1000,rf,0.0,0.0,0.0,0.06116483517,0.00092309164,0.65,0.06405758949,0.00776552452,4.97,0.04333333333333333,0.000787089703364673,0.46
252,0.6,0.1,6,10,rf,0.0,0.0,0.0,0.05083333333000001,0.11599999997999999,0.5,0.07708333332,0.19416666665,0.93,0.085,0.11311904761904762,0.5
253,0.6,0.1,6,100,rf,0.0,0.0,0.0,0.0288452381,0.01797304425,0.74,0.06334523809,0.03730423178,1.63,0.03,0.01125904438460544,0.44
254,0.6,0.1,6,500,rf,0.0,0.0,0.0,0.06198393359,0.01799650626,3.93,0.09713220923,0.03877760702,8.55,0.07416666666666666,0.004422977011854473,0.92
255,0.6,0.1,6,1000,rf,0.0,0.0,0.0,0.047491873340000004,0.01427902573,6.27,0.08293591846,0.03154471753,13.78,0.07333333333333333,0.0014515507800916929,0.61
256,0.6,0.2,1,10,rf,0.0,0.0,0.0,0.07005555557,0.7982619047599999,4.55,0.18267063498,0.91373809523,5.98,0.05277380952380952,0.7885039682539683,4.07
257,0.6,0.2,1,100,rf,0.0,0.0,0.0,0.09964782384,0.7901209109699999,43.86,0.19938389746,0.90730942038,56.83,0.026575248149658285,0.5023736619885787,25.03
258,0.6,0.2,1,500,rf,0.0,0.0,0.0,0.09694311547,0.80697696358,223.14,0.20008425535000002,0.9054521991500001,282.83,0.01792703221113966,0.14876786842882392,37.49
259,0.6,0.2,1,1000,rf,0.0,0.0,0.0,0.10024046291,0.8113390660900001,450.79,0.19932408466999998,0.91530408615,571.59,0.01565967382608152,0.07645259233789403,38.37
260,0.6,0.2,2,10,rf,0.08119444443000001,0.82891666667,8.09,0.04429365081,0.6543015873100001,5.93,0.14200000000000002,1.0,10.0,0.02927777777777777,0.6897460317460318,6.05
261,0.6,0.2,2,100,rf,0.06885844826,0.6476820561700001,60.82,0.03542530681,0.67719957584,58.84,0.165,1.0,100.0,0.004743880203853405,0.26225315685601286,22.08
262,0.6,0.2,2,500,rf,0.07239323046,0.67629769646,318.33,0.03025194317,0.6695363521400001,289.4,0.16268000000000002,1.0,500.0,0.004391624296672511,0.08599650544471289,36.29
263,0.6,0.2,2,1000,rf,0.07185005554,0.68631388319,641.55,0.0321033628,0.69760390288,604.23,0.16215,1.0,1000.0,0.003476692361124278,0.039167340968064644,33.01
264,0.6,0.2,5,10,rf,0.0,0.0,0.0,0.105,0.12552380954,0.87,0.20502380951,0.27107142857,2.04,0.14333333333333334,0.09169444444444444,0.69
265,0.6,0.2,5,100,rf,0.0,0.0,0.0,0.13377380951999998,0.02708592751,1.83,0.24528301353,0.13888790773,9.75,0.09,0.013585826573265267,0.89
266,0.6,0.2,5,500,rf,0.0,0.0,0.0,0.11629421453,0.00913114517,3.02,0.22157230685999998,0.08916517544,30.83,0.11333333333333333,0.0028532087206223577,0.91
267,0.6,0.2,5,1000,rf,0.0,0.0,0.0,0.10373145628,0.0070372492799999995,4.89,0.17221896444999998,0.07936708093,53.67,0.1,0.001474856747002996,0.9
268,0.6,0.2,6,10,rf,0.0,0.0,0.0,0.11816666666,0.23666666665000002,1.18,0.17123809523,0.34766666667,1.92,0.095,0.20175,0.9
269,0.6,0.2,6,100,rf,0.0,0.0,0.0,0.13358022371,0.08234989526,3.87,0.19927873974000002,0.16129619707,8.04,0.1075,0.02575825022405168,1.12
270,0.6,0.2,6,500,rf,0.0,0.0,0.0,0.11613399523,0.05347956912,12.37,0.20436663045,0.15431342976,38.04,0.07752380952380952,0.00644364705942955,1.36
271,0.6,0.2,6,1000,rf,0.0,0.0,0.0,0.10775326704999999,0.0401704306,17.89,0.17958783711999998,0.1103675233,52.02,0.09002380952380952,0.0030647667376505787,1.33
272,0.6,0.5,1,10,rf,0.21,0.45,4.5,0.26185714282,0.94063095238,6.69,0.47338888888999997,1.0,9.81,0.13026190476190475,0.8942662779397472,4.79
273,0.6,0.5,1,100,rf,0.228,0.45,45.0,0.25507127091000004,0.9265276200700001,61.43,0.49726419986000003,0.99957427537,98.59,0.02449121568102362,0.6385548321031842,32.51
274,0.6,0.5,1,500,rf,0.2298,0.46,230.0,0.24785572642999998,0.91730438748,304.7,0.49604016282,0.99963466135,494.61,0.007679494263337775,0.4118904702526449,103.41
275,0.6,0.5,1,1000,rf,0.19938,0.4,400.0,0.25341323331000004,0.91380106703,612.96,0.49257675975,0.99950622395,985.32,0.005762487833369471,0.1994534246635518,99.76
276,0.6,0.5,2,10,rf,0.163,1.0,10.0,0.07757936506,0.93946031747,8.59,0.163,1.0,10.0,0.059492063492063485,0.9156984126984127,8.08
277,0.6,0.5,2,100,rf,0.1585,1.0,100.0,0.07928138921,0.95481369946,87.31,0.1585,1.0,100.0,0.015535839509317471,0.4297692645461649,36.55
278,0.6,0.5,2,500,rf,0.16388000000000003,1.0,500.0,0.08114838582,0.95621127006,435.15,0.16388000000000003,1.0,500.0,0.0035679083631192997,0.194150693327611,82.3
279,0.6,0.5,2,1000,rf,0.16187,1.0,1000.0,0.08148294630000001,0.9577873586200001,874.1,0.16187,1.0,1000.0,0.0042540667893654315,0.08483910071085952,71.44
280,0.6,0.5,5,10,rf,0.005,0.01,0.1,0.25673809522,0.47520238095000006,3.73,0.48711111112,0.996,9.87,0.29483333333333334,0.2700039682539682,1.83
281,0.6,0.5,5,100,rf,0.0,0.0,0.0,0.23178684568000002,0.25429558715,18.47,0.49064045487,0.98542937716,97.32,0.23108333333333334,0.034812782824414905,2.3
282,0.6,0.5,5,500,rf,0.0,0.0,0.0,0.22823891516,0.17981695511,62.39,0.49214108296,0.9905429583,489.51,0.14117965367965368,0.007357206402582669,2.34
283,0.6,0.5,5,1000,rf,0.0,0.0,0.0,0.24207171621,0.19350783553,135.85,0.49214314967999995,0.9875460729300001,974.98,0.13112179487179487,0.00403379777898998,2.51
284,0.6,0.5,6,10,rf,0.0,0.0,0.0,0.24811507933000002,0.52688095237,3.2,0.46634920638,0.8536315536565656,6.74,0.24,0.33766233766233766,1.62
285,0.6,0.5,6,100,rf,0.0,0.0,0.0,0.33630613669,0.41443627231999997,23.87,0.49806084941,0.8099435398200001,60.23,0.14159199134199132,0.06217471171046385,2.69
286,0.6,0.5,6,500,rf,0.0,0.0,0.0,0.32858007094999997,0.38693388314000005,104.78,0.49891319712,0.82510768089,297.89,0.09347056277056277,0.015458082363141834,3.23
287,0.6,0.5,6,1000,rf,0.0,0.0,0.0,0.31693714049,0.41824334443,225.31,0.50187356452,0.83821915882,612.7,0.14420548895548896,0.007238906156167982,3.15
288,0.7,0.1,1,10,rf,0.0,0.0,0.0,0.043642857160000006,0.72843253968,3.74,0.09888095239,0.8027460317499999,4.44,0.040285714285714286,0.6601666666666667,3.61
289,0.7,0.1,1,100,rf,0.0,0.0,0.0,0.044926161660000005,0.6997711261099999,37.3,0.10062468517999999,0.7815771433,44.32,0.0125,0.33522275987191624,16.92
290,0.7,0.1,1,500,rf,0.0,0.0,0.0,0.04976462787,0.68697673635,181.61,0.10320539667,0.7590349550300001,211.3,0.03167280622941,0.06373945403836975,16.02
291,0.7,0.1,1,1000,rf,0.0,0.0,0.0,0.04658972512,0.68414030939,357.51,0.0983406999,0.8026720182299999,442.21,0.007744404117159534,0.0315700513602121,15.82
292,0.7,0.1,2,10,rf,0.0,0.0,0.0,0.008690476199999998,0.40360714285,3.38,0.10700793649,0.9622420635000001,8.91,0.03492857142857143,0.480218253968254,4.14
293,0.7,0.1,2,100,rf,0.0,0.0,0.0,0.02478696828,0.36102129507999997,30.61,0.09486634138,0.9567000707,87.98,0.006525030525030522,0.14545012743578836,12.07
294,0.7,0.1,2,500,rf,0.0,0.0,0.0,0.01686546572,0.34998000261999995,148.34,0.09612851422,0.95580894188,440.13,0.006816298373842922,0.02844123304054721,11.9
295,0.7,0.1,2,1000,rf,0.0,0.0,0.0,0.016080279580000002,0.35716400923,302.15,0.09992039467,0.9606017265,885.48,0.0078354505544908,0.014851995982372438,12.49
296,0.7,0.1,5,10,rf,0.0,0.0,0.0,0.0575,0.04335714286,0.32,0.09416666666,0.09588095237,0.67,0.06,0.061035714285714276,0.38
297,0.7,0.1,5,100,rf,0.0,0.0,0.0,0.05402777778,0.00653722414,0.47,0.09609523809,0.014088544670000001,1.01,0.05833333333333333,0.008581094008206176,0.51
298,0.7,0.1,5,500,rf,0.0,0.0,0.0,0.05646978022,0.00279388758,0.93,0.0787643292,0.0098704959,3.32,0.08,0.001176979987899687,0.38
299,0.7,0.1,5,1000,rf,0.0,0.0,0.0,0.07726190477,0.00120007664,0.9,0.08499363428000001,0.00654725881,4.37,0.07533333333333334,0.000663680882312479,0.44
300,0.7,0.1,6,10,rf,0.0,0.0,0.0,0.0825,0.12735714287,0.54,0.10499999999,0.15771428575,0.73,0.08,0.12126190476190475,0.52
301,0.7,0.1,6,100,rf,0.0,0.0,0.0,0.06842857141,0.02421974149,1.1,0.09548142135000001,0.04770956145000001,2.25,0.02333333333333333,0.013516493600049879,0.55
302,0.7,0.1,6,500,rf,0.0,0.0,0.0,0.02126851851,0.00888974743,1.87,0.06385543102999999,0.020923817100000002,4.77,0.095,0.002469507774866341,0.61
303,0.7,0.1,6,1000,rf,0.0,0.0,0.0,0.05874617764,0.00569724521,2.53,0.06581395553,0.01312728669,6.19,0.0675,0.001114903658363039,0.5
304,0.7,0.2,1,10,rf,0.0,0.0,0.0,0.10473412701,0.85265476191,5.04,0.19478968256,0.92052380951,6.01,0.056011904761904756,0.7774444444444444,4.29
305,0.7,0.2,1,100,rf,0.0,0.0,0.0,0.11357786933,0.79005639496,43.79,0.20654417511,0.8906749887700001,55.46,0.003857092301025566,0.4486277164453268,22.51
306,0.7,0.2,1,500,rf,0.0,0.0,0.0,0.10154018413999999,0.74841833735,209.39,0.20135300746999998,0.88440725764,278.52,0.011078122196679188,0.13210336198778108,33.27
307,0.7,0.2,1,1000,rf,0.0,0.0,0.0,0.09660344524999999,0.75328900789,419.47,0.19991928120000002,0.87016282997,544.74,0.020538498538498536,0.05137707795493421,25.91
308,0.7,0.2,2,10,rf,0.08677777777,0.609,5.97,0.027726190489999997,0.62894047618,5.33,0.19,1.0,10.0,0.02995238095238095,0.627297619047619,5.31
309,0.7,0.2,2,100,rf,0.05761377766,0.50994267372,48.15,0.03210538258,0.60331534331,52.25,0.16580000000000003,1.0,100.0,0.008988825974217792,0.24694180828844164,20.57
310,0.7,0.2,2,500,rf,0.04478731779,0.35215106598,166.43,0.036962750429999996,0.60591637007,260.2,0.17312000000000002,1.0,500.0,0.007108204971697738,0.056385100510172606,23.51
311,0.7,0.2,2,1000,rf,0.03934705655,0.30421688279000003,288.99,0.03441686085,0.58365504168,500.38,0.17322425099,1.0,999.92,0.005654965500305852,0.03213910645863577,26.83
312,0.7,0.2,5,10,rf,0.0,0.0,0.0,0.08083333334000001,0.13127380953,0.78,0.18484523808999997,0.32863492062,2.38,0.11833333333333335,0.10090079365079363,0.66
313,0.7,0.2,5,100,rf,0.0,0.0,0.0,0.08771825397,0.022461626329999998,1.45,0.16938255888,0.11458954954999999,7.93,0.17,0.013105889244729465,0.89
314,0.7,0.2,5,500,rf,0.0,0.0,0.0,0.09966459821,0.00854647884,2.87,0.21915064471,0.06279145789,22.02,0.13733333333333334,0.002731690959356921,0.94
315,0.7,0.2,5,1000,rf,0.0,0.0,0.0,0.08929188855999999,0.00794468509,5.18,0.24986310987,0.06981904816000001,48.11,0.09216666666666667,0.001027012583361049,0.73
316,0.7,0.2,6,10,rf,0.0,0.0,0.0,0.14649999999,0.19035714287000002,1.09,0.20842857139999998,0.34352380951999995,2.06,0.13333333333333333,0.1560952380952381,0.77
317,0.7,0.2,6,100,rf,0.0,0.0,0.0,0.1432268271,0.0565714334,2.87,0.22933091115,0.15384513331,7.95,0.12533333333333332,0.023109745726999847,1.02
318,0.7,0.2,6,500,rf,0.0,0.0,0.0,0.10694588046,0.03425543411,8.14,0.17640513659,0.10131538365000001,25.06,0.11642857142857142,0.004561139242972601,1.05
319,0.7,0.2,6,1000,rf,0.0,0.0,0.0,0.17040039578,0.03433851348,16.42,0.21760218943,0.09659977298,48.42,0.1195,0.002479716352000366,1.13
320,0.7,0.5,1,10,rf,0.18600000000000003,0.38,3.8,0.26224603177,0.94007142857,6.27,0.51894444444,1.0,9.91,0.0949563492063492,0.8524880952380953,4.85
321,0.7,0.5,1,100,rf,0.25989999999999996,0.51,51.0,0.25672287356,0.91945014668,61.42,0.49941419477,0.99963274932,98.97,0.027276884310401615,0.5160626451079842,26.26
322,0.7,0.5,1,500,rf,0.1611,0.32,160.0,0.2474672792,0.9568546809299999,318.42,0.49154122094999997,0.99971220234,492.26,0.025400723666906558,0.3390168543351127,85.42
323,0.7,0.5,1,1000,rf,0.18523,0.37,370.0,0.25149173697,0.92623757959,618.48,0.49427973358000005,0.9995726476,987.04,0.009602803927820985,0.12904254797772743,64.89
324,0.7,0.5,2,10,rf,0.158,1.0,10.0,0.07510317459,0.92457142857,8.46,0.158,1.0,10.0,0.06373412698412698,0.8703968253968255,7.68
325,0.7,0.5,2,100,rf,0.1668,1.0,100.0,0.08158648986,0.92840886738,84.3,0.1668,1.0,100.0,0.01291825156755678,0.3700043818834071,31.01
326,0.7,0.5,2,500,rf,0.16838,1.0,500.0,0.08317301926000001,0.9276363807200001,420.83,0.16838,1.0,500.0,0.006271606354499667,0.15109119757418013,62.96
327,0.7,0.5,2,1000,rf,0.17054,1.0,1000.0,0.08586836866,0.9303889983400001,844.43,0.17054,1.0,1000.0,0.006395369598307422,0.07599765420663697,63.43
328,0.7,0.5,5,10,rf,0.0,0.0,0.0,0.25093253967,0.39790079363,3.14,0.5018055555600001,0.98038095238,9.8,0.19266666666666665,0.2393531746031746,1.64
329,0.7,0.5,5,100,rf,0.0,0.0,0.0,0.25095729144,0.23885498231,17.85,0.48794703879,0.99160645615,98.3,0.22,0.024879901861747898,1.75
330,0.7,0.5,5,500,rf,0.0,0.0,0.0,0.27047023988,0.15774344338000001,56.4,0.49317542602000003,0.9836803291699999,485.29,0.19182872682872681,0.00621537499188341,2.21
331,0.7,0.5,5,1000,rf,0.0,0.0,0.0,0.24865544329,0.14110080125,99.48,0.49415480382,0.9861904173,976.6,0.16210497835497836,0.0028648532277082226,1.9
332,0.7,0.5,6,10,rf,0.0,0.0,0.0,0.30053968253,0.5447089947171717,3.43,0.53560317463,0.8878547378585858,7.49,0.3145,0.3030623697290364,1.73
333,0.7,0.5,6,100,rf,0.0,0.0,0.0,0.33108074737000004,0.37302430333,21.85,0.50922020805,0.82268693653,63.92,0.17011904761904761,0.047357348052766514,2.11
334,0.7,0.5,6,500,rf,0.0,0.0,0.0,0.32363498669999996,0.3378936245,96.0,0.50778252607,0.81523860321,309.27,0.12321184371184371,0.010185258488801615,2.33
335,0.7,0.5,6,1000,rf,0.0,0.0,0.0,0.32461646852000003,0.33505626239,189.52,0.50062226078,0.80402868803,601.63,0.10049639249639249,0.006414379431535205,2.75
336,0.8,0.1,1,10,rf,0.0,0.0,0.0,0.03103968256,0.6974404761799999,3.7,0.08366666670999999,0.8037500000100001,4.48,0.03866666666666667,0.6808333333333333,3.29
337,0.8,0.1,1,100,rf,0.0,0.0,0.0,0.047010209930000005,0.6534110974499999,34.32,0.09378610868000001,0.7640999721699999,42.3,0.022364881850175964,0.21526147408193883,10.81
338,0.8,0.1,1,500,rf,0.0,0.0,0.0,0.04537701825,0.6400245418,168.28,0.09526808244,0.75211668515,208.71,0.00339437408183538,0.04728700099209154,11.79
339,0.8,0.1,1,1000,rf,0.0,0.0,0.0,0.05139152438,0.7378500770799999,389.06,0.09874283005000001,0.8196294151700001,455.41,0.032958682058682055,0.018816785162948033,9.56
340,0.8,0.1,2,10,rf,0.0,0.0,0.0,0.00666666667,0.34406349210000003,2.88,0.10425396824,0.8978849206299999,8.24,0.023095238095238092,0.3960198412698413,3.37
341,0.8,0.1,2,100,rf,0.0,0.0,0.0,0.014726401430000001,0.26279994543,22.11,0.09795180944,0.92457224877,84.7,0.01071223221223221,0.1325619820587677,10.99
342,0.8,0.1,2,500,rf,0.0,0.0,0.0,0.01648278975,0.24065916955,100.62,0.09920677935000001,0.89802873971,407.5,0.009529375614717771,0.023606500763935986,9.81
343,0.8,0.1,2,1000,rf,0.0,0.0,0.0,0.015321963729999999,0.28349868672,236.87,0.09888524563000001,0.91173913426,828.71,0.00898941633079564,0.012109684787056652,10.07
344,0.8,0.1,5,10,rf,0.0,0.0,0.0,0.015,0.021170634919999997,0.14,0.0705,0.11436111111000001,0.73,0.04,0.05807539682539682,0.37
345,0.8,0.1,5,100,rf,0.0,0.0,0.0,0.02666666666,0.00579616951,0.35,0.04054004327999999,0.01545052673,0.92,0.10833333333333334,0.007472736733704939,0.53
346,0.8,0.1,5,500,rf,0.0,0.0,0.0,0.09191414142,0.0015979160200000001,0.58,0.09122664025,0.00686316009,2.31,0.0825,0.000925761301129893,0.34
347,0.8,0.1,5,1000,rf,0.0,0.0,0.0,0.06655357143,0.00084221862,0.58,0.09946403597,0.0031899879599999997,2.33,0.08833333333333333,0.00050184152129109,0.38
348,0.8,0.1,6,10,rf,0.0,0.0,0.0,0.0275,0.07802380953,0.35,0.07083333334,0.11352380952,0.57,0.01,0.06352380952380952,0.28
349,0.8,0.1,6,100,rf,0.0,0.0,0.0,0.06809523809,0.011994218999999999,0.58,0.08554860825,0.03290822031,1.59,0.04833333333333333,0.012087917061407348,0.53
350,0.8,0.1,6,500,rf,0.0,0.0,0.0,0.05636232069,0.00493554941,1.16,0.08857303154,0.01597286128,3.86,0.065,0.002268174313183044,0.52
351,0.8,0.1,6,1000,rf,0.0,0.0,0.0,0.0368560606,0.00204010152,0.92,0.06954426859,0.007439563190000001,3.59,0.06,0.000609342424085392,0.29
352,0.8,0.2,1,10,rf,0.0,0.0,0.0,0.107734127,0.8064722222199999,4.7,0.22223809526,0.9036269841300001,6.17,0.04569047619047619,0.7784047619047619,4.07
353,0.8,0.2,1,100,rf,0.0,0.0,0.0,0.10339555321,0.79793086903,44.93,0.20535655542,0.9109924725,57.73,0.015774810620367875,0.3632679777236754,18.17
354,0.8,0.2,1,500,rf,0.0,0.0,0.0,0.09254317315999999,0.77705844424,215.98,0.19948188047999998,0.9130110938599999,285.19,0.017084838074671316,0.08342380542426238,21.19
355,0.8,0.2,1,1000,rf,0.0,0.0,0.0,0.0967817726,0.8280724108799999,461.9,0.19731247402000002,0.91205479588,571.61,0.02178706795523683,0.03723228175966389,18.75
356,0.8,0.2,2,10,rf,0.060222222209999995,0.52,5.08,0.034023809530000004,0.52086111112,4.48,0.18244444444,1.0,9.99,0.04549206349206349,0.5523730158730159,4.75
357,0.8,0.2,2,100,rf,0.04085609591,0.26714167027999997,25.94,0.03745727564,0.522505742,44.32,0.18541515152,1.0,99.99,0.010931415017675375,0.19910763678331228,16.56
358,0.8,0.2,2,500,rf,0.02235183642,0.15804421354,75.98,0.035957942890000004,0.49080849118000003,209.4,0.17915693548,1.0,499.96,0.006351873562292565,0.04437156080703805,18.33
359,0.8,0.2,2,1000,rf,0.02198981461,0.14804521315,142.71,0.03502561306,0.50315364862,428.12,0.18114879303999998,0.99992813352,999.66,0.006893478553307558,0.024565549462335964,20.46
360,0.8,0.2,5,10,rf,0.0,0.0,0.0,0.050833333310000006,0.08805952381000001,0.6,0.16791666663000002,0.25486904763999996,1.97,0.14833333333333334,0.11363888888888887,0.74
361,0.8,0.2,5,100,rf,0.0,0.0,0.0,0.10323484849,0.01647276908,1.21,0.1980204466,0.10398740724,7.43,0.11533333333333333,0.00978479151990231,0.73
362,0.8,0.2,5,500,rf,0.0,0.0,0.0,0.10880533423,0.00750189429,2.63,0.20128892833,0.04831557386,16.99,0.07150000000000001,0.002261118462487406,0.72
363,0.8,0.2,5,1000,rf,0.0,0.0,0.0,0.10855490325,0.0050863963199999996,3.63,0.17670695793,0.03482435086,24.14,0.10133333333333333,0.001142924950339268,0.75
364,0.8,0.2,6,10,rf,0.0,0.0,0.0,0.11866666667,0.13499999999,0.81,0.19261904763,0.26619047619,1.71,0.14166666666666666,0.13345238095238096,0.72
365,0.8,0.2,6,100,rf,0.0,0.0,0.0,0.11204535958999999,0.04363426164,2.28,0.19688106584,0.08708576369,4.8,0.13849999999999998,0.018087084654420892,0.97
366,0.8,0.2,6,500,rf,0.0,0.0,0.0,0.10825173601999999,0.02155799484,5.23,0.19854954546999998,0.08465627852999999,22.17,0.102,0.003587832933004354,0.88
367,0.8,0.2,6,1000,rf,0.0,0.0,0.0,0.13115379929999998,0.01474686444,7.42,0.18203081891,0.06769851326000001,35.57,0.109,0.002266897561304213,1.1
368,0.8,0.5,1,10,rf,0.175,0.32,3.2,0.22814682539,0.93857142857,6.14,0.51166666667,1.0,9.89,0.09864285714285714,0.7861190476190477,4.24
369,0.8,0.5,1,100,rf,0.1659,0.33,33.0,0.25204158951,0.9449851997300001,63.23,0.49394552624,0.99848072562,98.47,0.0498560324671195,0.5609577740353577,28.59
370,0.8,0.5,1,500,rf,0.1348898998,0.27,134.99,0.25452634732,0.9322552419500001,312.84,0.49226187691,0.99914518024,492.04,0.025742746648225397,0.21042402455069706,52.74
371,0.8,0.5,1,1000,rf,0.16909031031000002,0.34,339.98,0.25631859964,0.9016089102799999,604.6,0.49393459643,0.99950702675,988.69,0.016598976197678254,0.10203640128609968,51.27
372,0.8,0.5,2,10,rf,0.18100000000000002,1.0,10.0,0.09472619047,0.8913769841200001,8.09,0.18100000000000002,1.0,10.0,0.08768650793650792,0.7520238095238095,6.75
373,0.8,0.5,2,100,rf,0.17920000000000003,1.0,100.0,0.08855636349,0.88841991061,80.13,0.17920000000000003,1.0,100.0,0.015913815213403654,0.2998673974373813,24.8
374,0.8,0.5,2,500,rf,0.18136,1.0,500.0,0.08709600155000001,0.87266653227,391.46,0.18136,1.0,500.0,0.010351429167426793,0.12206422707576253,50.55
375,0.8,0.5,2,1000,rf,0.17850000000000002,1.0,1000.0,0.09147530642,0.88837630226,803.72,0.17850000000000002,1.0,1000.0,0.007041795672290031,0.06148118243880602,50.99
376,0.8,0.5,5,10,rf,0.004,0.01,0.1,0.24745238096000002,0.34514682542,2.83,0.48574603175,0.97297619047,9.65,0.2533333333333333,0.22903968253968252,1.65
377,0.8,0.5,5,100,rf,0.0,0.0,0.0,0.27749559191,0.16644354336,12.22,0.50020360067,0.9857651661600001,97.42,0.26475000000000004,0.0289892919478264,2.03
378,0.8,0.5,5,500,rf,0.0,0.0,0.0,0.24216412968,0.09483021633,35.25,0.49177310501,0.9822997603899999,485.38,0.21183189033189034,0.006478516203422055,2.28
379,0.8,0.5,5,1000,rf,0.0,0.0,0.0,0.24519840152,0.10333149337,74.18,0.49657154141,0.98456381599,973.95,0.11957142857142858,0.002679203953085413,1.76
380,0.8,0.5,6,10,rf,0.0,0.0,0.0,0.34352380951999995,0.37626190476,2.8,0.49621825401,0.8095476190600001,6.76,0.267,0.256047619047619,1.39
381,0.8,0.5,6,100,rf,0.0,0.0,0.0,0.29177601834,0.30477393642,17.96,0.50623500665,0.78823341158,61.52,0.20995238095238095,0.039614697107165614,2.06
382,0.8,0.5,6,500,rf,0.0,0.0,0.0,0.30066520332,0.24126574546000001,67.69,0.49309543284,0.7662181836899999,289.92,0.1621075036075036,0.012365049382306627,2.93
383,0.8,0.5,6,1000,rf,0.0,0.0,0.0,0.31931103835999997,0.25445019329,146.95,0.50469509085,0.7860719001600001,605.65,0.1234729437229437,0.0051405506734823695,2.4
384,0.9,0.1,1,10,rf,0.0,0.0,0.0,0.051690476199999995,0.67840476191,3.74,0.09601190476999999,0.76488095237,4.52,0.05385714285714285,0.564952380952381,2.95
385,0.9,0.1,1,100,rf,0.0,0.0,0.0,0.052031682579999995,0.6594614294,35.17,0.09517748213,0.76423268319,42.78,0.02493603574152773,0.13588306670929076,7.04
386,0.9,0.1,1,500,rf,0.0,0.0,0.0,0.049696399620000005,0.6504488161,171.88,0.09769412236000001,0.76039295724,212.36,0.01787287663603453,0.023424073686497966,5.89
387,0.9,0.1,1,1000,rf,0.0,0.0,0.0,0.04622786168,0.6675977452099999,351.63,0.09656955725,0.76977928885,428.12,0.034846951659451654,0.013408119040279777,6.82
388,0.9,0.1,2,10,rf,0.0,0.0,0.0,0.00666666667,0.28699206347,2.38,0.08696428573000001,0.8488888888799999,7.52,0.04716666666666667,0.37144444444444447,3.09
389,0.9,0.1,2,100,rf,0.0,0.0,0.0,0.01678560414,0.20032418523,16.62,0.09804493293,0.8471079305399999,76.38,0.0054875669566072025,0.10260809887529353,8.51
390,0.9,0.1,2,500,rf,0.0,0.0,0.0,0.01797073667,0.22474089264,93.72,0.09583972609,0.83773565503,376.94,0.005294606709080392,0.02015010649164671,8.27
391,0.9,0.1,2,1000,rf,0.0,0.0,0.0,0.01701157244,0.21434744994,177.85,0.10258168785,0.8525671206900001,770.95,0.004784653182401869,0.009006313500426473,7.38
392,0.9,0.1,5,10,rf,0.0,0.0,0.0,0.065,0.043202380949999994,0.28,0.09316666667,0.07391666667,0.52,0.07833333333333332,0.05246428571428571,0.37
393,0.9,0.1,5,100,rf,0.0,0.0,0.0,0.06833333333000001,0.00276665509,0.25,0.1114642857,0.01392039936,1.05,0.03333333333333333,0.0041352004212607055,0.24
394,0.9,0.1,5,500,rf,0.0,0.0,0.0,0.027000000000000003,0.00124563507,0.41,0.09923671222,0.0074687014,2.44,0.05833333333333333,0.000744953022032244,0.28
395,0.9,0.1,5,1000,rf,0.0,0.0,0.0,0.04857142856999999,0.00048142008,0.34,0.09005887939000001,0.0036753047500000004,2.62,0.03333333333333333,0.0005011009171311111,0.29
396,0.9,0.1,6,10,rf,0.0,0.0,0.0,0.054166666669999995,0.05426190476000001,0.32,0.09533333332999999,0.08759523808000001,0.57,0.085,0.051380952380952374,0.31
397,0.9,0.1,6,100,rf,0.0,0.0,0.0,0.06124999999,0.01308525353,0.65,0.11072893772,0.03054975242,1.53,0.095,0.008645944376206794,0.43
398,0.9,0.1,6,500,rf,0.0,0.0,0.0,0.055178571440000004,0.00427025356,1.05,0.0695100039,0.00965344846,2.32,0.06833333333333333,0.001539911589520478,0.4
399,0.9,0.1,6,1000,rf,0.0,0.0,0.0,0.08853679653,0.00167588441,0.89,0.08358010083,0.00591074209,3.03,0.06416666666666666,0.001060550565387405,0.51
400,0.9,0.2,1,10,rf,0.0,0.0,0.0,0.10637698414999999,0.8201547619199999,4.66,0.21917857141,0.8997380952499999,5.94,0.06571428571428571,0.6830833333333334,3.82
401,0.9,0.2,1,100,rf,0.0,0.0,0.0,0.08945178347,0.70973587076,39.22,0.20186968654,0.8488874661600001,53.45,0.03782382891899021,0.23528319170880135,11.76
402,0.9,0.2,1,500,rf,0.0,0.0,0.0,0.09408403314,0.73265505625,203.27,0.19615113119,0.84595891556,263.87,0.01979164384951297,0.04807849498515819,12.19
403,0.9,0.2,1,1000,rf,0.0,0.0,0.0,0.09903888636,0.77366704342,431.35,0.19783091346999998,0.89293115986,558.3,0.020604198478779222,0.025983163892292226,13.2
404,0.9,0.2,2,10,rf,0.04722222222,0.33875,3.38,0.050488095250000004,0.47817063489,4.15,0.187,1.0,9.99,0.04776190476190476,0.4901031746031746,4.18
405,0.9,0.2,2,100,rf,0.012872480589999999,0.07929167316,7.8,0.03154342282,0.42899580032,36.1,0.18756958818000002,0.99884199134,99.71,0.011543508237548482,0.16504989215764865,13.64
406,0.9,0.2,2,500,rf,0.00970341909,0.05963491848,29.17,0.03803811772,0.43164941037,183.04,0.18608439920999997,0.9996825845399999,499.24,0.01201106015013444,0.03580795959286539,14.68
407,0.9,0.2,2,1000,rf,0.011382147600000002,0.06838743593,66.16,0.036070695879999996,0.39952243658000003,337.21,0.18869380273,0.99977803274,999.32,0.009033871888425981,0.021200935383918273,17.39
408,0.9,0.2,5,10,rf,0.0,0.0,0.0,0.10238095238,0.08595238095999999,0.66,0.19871428571,0.24389682541,1.94,0.14333333333333334,0.08049206349206349,0.58
409,0.9,0.2,5,100,rf,0.0,0.0,0.0,0.11520238095,0.012387502429999999,0.95,0.19614923871999998,0.07259556598,5.37,0.09528571428571428,0.013013729545653482,0.85
410,0.9,0.2,5,500,rf,0.0,0.0,0.0,0.10812948817000001,0.00503417286,1.86,0.20913434845,0.03238994681,11.74,0.09366666666666668,0.0021475577261369262,0.75
411,0.9,0.2,5,1000,rf,0.0,0.0,0.0,0.13569380154,0.00511419064,3.57,0.22218805142,0.0369030863,26.5,0.08833333333333333,0.0007959674695785481,0.52
412,0.9,0.2,6,10,rf,0.0,0.0,0.0,0.12133333332,0.1519047619,1.0,0.21128571427,0.27377380949999996,1.91,0.1125,0.126,0.66
413,0.9,0.2,6,100,rf,0.0,0.0,0.0,0.10755417294000001,0.0373550778,2.03,0.19455584689,0.09142207947999999,5.38,0.13483333333333333,0.015812589799441758,0.85
414,0.9,0.2,6,500,rf,0.0,0.0,0.0,0.08669190352999999,0.01378786549,3.55,0.18158926567999997,0.058528999820000004,15.77,0.16,0.002929370605520682,0.8
415,0.9,0.2,6,1000,rf,0.0,0.0,0.0,0.13686902235,0.01269617587,6.43,0.1786431316,0.04827095036,25.63,0.07,0.0013391637586085301,0.61
416,0.9,0.5,1,10,rf,0.16899999999999998,0.33,3.3,0.24635714285,0.9308333333100001,6.7,0.47157936507000003,0.9966666666599999,9.89,0.1069920634920635,0.8076428571428572,4.49
417,0.9,0.5,1,100,rf,0.1097,0.22,22.0,0.2406493236,0.9044338924199999,60.56,0.48671703276,0.99849093774,98.4,0.037624636247276494,0.4581222162717682,23.08
418,0.9,0.5,1,500,rf,0.1297301002,0.26,129.99,0.24806687933,0.89665983562,299.95,0.49295397387999995,0.9981943910200001,493.34,0.01821447367782666,0.12863406403858124,32.8
419,0.9,0.5,1,1000,rf,0.12433,0.25,250.0,0.25399086886,0.9235624785000001,618.0,0.4950785149,0.99901061369,987.16,0.02386087117931444,0.06951856331928641,35.13
420,0.9,0.5,2,10,rf,0.18100000000000002,1.0,10.0,0.0693095238,0.8409960317799999,7.49,0.18100000000000002,1.0,10.0,0.0633095238095238,0.7239007936507936,6.5
421,0.9,0.5,2,100,rf,0.1839,1.0,100.0,0.09131562587,0.83274104328,75.0,0.1839,1.0,100.0,0.022560965649320378,0.25900804617946627,21.29
422,0.9,0.5,2,500,rf,0.19076,1.0,500.0,0.09002233171,0.83547029967,371.78,0.19076,1.0,500.0,0.007736740345681048,0.08219586124788231,33.74
423,0.9,0.5,2,1000,rf,0.18728999999999998,1.0,1000.0,0.09316564081999999,0.8199067059399999,735.04,0.18728999999999998,1.0,1000.0,0.009910432776927826,0.048801076137796946,40.01
424,0.9,0.5,5,10,rf,0.0,0.0,0.0,0.22682142856999998,0.33905555557,2.61,0.46482539683,0.9890000000000001,9.65,0.25916666666666666,0.2020238095238095,1.51
425,0.9,0.5,5,100,rf,0.0,0.0,0.0,0.19925046696999998,0.12769602277,9.41,0.49160269811,0.9873381712299999,97.96,0.20633333333333334,0.02010845621052165,1.41
426,0.9,0.5,5,500,rf,0.0,0.0,0.0,0.26538181113,0.1027428865,37.27,0.49394587522,0.97135154112,478.51,0.24988888888888888,0.004970584981592854,1.89
427,0.9,0.5,5,1000,rf,0.0,0.0,0.0,0.20930100575000002,0.07634084154,56.33,0.4966039523,0.98539797522,976.32,0.15944444444444444,0.002489870682221093,1.75
428,0.9,0.5,6,10,rf,0.0,0.0,0.0,0.29563095242,0.44934920633,3.14,0.50675000001,0.77494444445,6.8,0.2886666666666667,0.25458333333333333,1.57
429,0.9,0.5,6,100,rf,0.0,0.0,0.0,0.30439107691,0.24909107820999998,15.42,0.50307707472,0.76472294886,60.85,0.22633333333333333,0.037136425278282606,1.97
430,0.9,0.5,6,500,rf,0.0,0.0,0.0,0.27376144548,0.19221502747,56.4,0.5044018300199999,0.76373677083,301.93,0.12937445887445886,0.010190924252032779,2.56
431,0.9,0.5,6,1000,rf,0.0,0.0,0.0,0.32000913857,0.18213788072,107.83,0.5009257761,0.76683946729,605.01,0.16264285714285712,0.004874619007289968,2.39
432,1.0,0.1,1,10,rf,0.0,0.0,0.0,0.02996428572,0.6156547619,3.31,0.09075793653,0.76042857142,4.37,0.05019444444444444,0.5422222222222222,2.92
433,1.0,0.1,1,100,rf,0.0,0.0,0.0,0.05022618133,0.57960119309,30.61,0.10699057778,0.69568079872,38.81,0.04536345598845599,0.08598333946605839,4.54
434,1.0,0.1,1,500,rf,0.0,0.0,0.0,0.044080727890000004,0.61087821596,161.12,0.09537533886,0.7653627408600001,212.36,0.020261405261405255,0.015234602409279869,3.86
435,1.0,0.1,1,1000,rf,0.0,0.0,0.0,0.050194410950000004,0.59011295169,311.52,0.09632622277,0.7451121928000001,415.92,0.021618880087920334,0.008715325699921637,4.49
436,1.0,0.1,2,10,rf,0.0,0.0,0.0,0.0193452381,0.2240079365,1.96,0.08813888889999999,0.75814285716,6.95,0.0435,0.34759523809523807,2.94
437,1.0,0.1,2,100,rf,0.0,0.0,0.0,0.0184662677,0.13884020368,11.47,0.10812383157,0.7577380221500001,67.78,0.00801416127731917,0.07875916254847498,6.42
438,1.0,0.1,2,500,rf,0.0,0.0,0.0,0.01856137388,0.16034664852,65.89,0.09885659078,0.77623505364,345.7,0.002552521008403361,0.014362735309852787,5.78
439,1.0,0.1,2,1000,rf,0.0,0.0,0.0,0.036780883800000004,0.14036040209,115.96,0.09992833497999999,0.77153921071,688.94,0.02556522644022644,0.007109084253029806,5.81
440,1.0,0.1,5,10,rf,0.0,0.0,0.0,0.095,0.03160714287,0.28,0.1225,0.05921428572,0.48,0.07,0.030178571428571423,0.24
441,1.0,0.1,5,100,rf,0.0,0.0,0.0,0.05078571429,0.00499976294,0.36,0.07741666666,0.015621768289999999,1.06,0.05,0.004117704142206558,0.27
442,1.0,0.1,5,500,rf,0.0,0.0,0.0,0.07244444444,0.0013334797300000002,0.5,0.10390586864,0.00387055168,1.46,0.052333333333333336,0.0008035008583148539,0.31
443,1.0,0.1,5,1000,rf,0.0,0.0,0.0,0.08199999999999999,0.0003659156,0.29,0.12188746437,0.00306718692,2.26,0.07916666666666666,0.00042126665516013697,0.33
444,1.0,0.1,6,10,rf,0.0,0.0,0.0,0.055,0.06461904761,0.32,0.08166666666,0.12228571429,0.63,0.075,0.05859523809523809,0.32
445,1.0,0.1,6,100,rf,0.0,0.0,0.0,0.085,0.00853943335,0.49,0.10911904762,0.02459413035,1.38,0.1,0.00469560516799535,0.3
446,1.0,0.1,6,500,rf,0.0,0.0,0.0,0.04890441176,0.0035903072600000003,0.92,0.09026555974,0.00705346652,1.97,0.07666666666666667,0.001068800294490246,0.33
447,1.0,0.1,6,1000,rf,0.0,0.0,0.0,0.03762711402,0.00189493673,1.05,0.11667753717,0.00628789327,3.37,0.085,0.0008552529060897849,0.46
448,1.0,0.2,1,10,rf,0.0,0.0,0.0,0.08035714286,0.72573809525,4.1,0.19593253972,0.85904761905,5.54,0.06452380952380951,0.7371071428571428,3.92
449,1.0,0.2,1,100,rf,0.0,0.0,0.0,0.11009903566,0.70175884747,38.93,0.19641957359999998,0.8334245450100001,51.72,0.030779683851945506,0.1760148364548871,9.05
450,1.0,0.2,1,500,rf,0.0,0.0,0.0,0.10791432491,0.6466700246000001,180.71,0.20458578762,0.8009268975099999,250.35,0.01789974058776579,0.04133960955202513,10.55
451,1.0,0.2,1,1000,rf,0.0,0.0,0.0,0.10204866657,0.7334262272600001,407.35,0.20046425188,0.8632576190000001,537.34,0.022338639893365323,0.016070364842789266,8.22
452,1.0,0.2,2,10,rf,0.025,0.16,1.6,0.06435317460000001,0.48223809529,4.26,0.19411111111,1.0,9.97,0.05492857142857142,0.44942857142857146,3.77
453,1.0,0.2,2,100,rf,0.010495532240000001,0.05901455567,5.75,0.03899066433,0.34786708182,29.0,0.19893105555,0.9979368021899999,99.39,0.016374649604445,0.12005245163859021,9.81
454,1.0,0.2,2,500,rf,0.0018599999999999999,0.01,5.0,0.041866173599999994,0.36131315357,151.28,0.19442879319,0.9974142500700001,495.39,0.016363003331044835,0.029579476426029844,12.18
455,1.0,0.2,2,1000,rf,0.0,0.0,0.0,0.03844431159,0.34854916338999997,292.36,0.19285449577000002,0.9978233613899999,992.51,0.007100940725940724,0.01596699740503369,12.94
456,1.0,0.2,5,10,rf,0.0,0.0,0.0,0.10066666667,0.07164285715,0.55,0.22633333333,0.20959523813,1.7,0.14166666666666666,0.08734523809523809,0.62
457,1.0,0.2,5,100,rf,0.0,0.0,0.0,0.07444871795,0.01191965597,0.78,0.16679220779,0.05127029751,3.65,0.105,0.007827915383083979,0.55
458,1.0,0.2,5,500,rf,0.0,0.0,0.0,0.09922774327,0.00424209574,1.5,0.20899867699000002,0.03326935657,12.18,0.09583333333333334,0.001638954119960371,0.61
459,1.0,0.2,5,1000,rf,0.0,0.0,0.0,0.08055553330000001,0.00363117509,2.5,0.17407896186,0.02340835534,17.02,0.07533333333333334,0.001073053410358474,0.68
460,1.0,0.2,6,10,rf,0.0,0.0,0.0,0.12333333332,0.1076190476,0.7,0.18052380952,0.21409523807,1.41,0.12583333333333335,0.09497619047619046,0.5
461,1.0,0.2,6,100,rf,0.0,0.0,0.0,0.09248809524,0.03074310911,1.61,0.18433991250999998,0.058935140239999996,3.31,0.09083333333333332,0.015331341493033586,0.75
462,1.0,0.2,6,500,rf,0.0,0.0,0.0,0.12048470166,0.01409440477,3.87,0.15923510392999998,0.03925369066,10.82,0.07783333333333334,0.0033210842164866448,0.82
463,1.0,0.2,6,1000,rf,0.0,0.0,0.0,0.09795243726000001,0.01028942888,5.51,0.17085843703999998,0.03781194503,20.7,0.10283333333333333,0.0014679902572093178,0.77
464,1.0,0.5,1,10,rf,0.13,0.25,2.5,0.28047619049,0.90711904761,6.33,0.50674999999,0.995,9.82,0.15063095238095237,0.7378492063492064,4.51
465,1.0,0.5,1,100,rf,0.15200000000000002,0.31,31.0,0.25104987755,0.8990053884,60.48,0.49138889721,0.9996221751400001,98.98,0.02398925242194784,0.3547866463947608,18.34
466,1.0,0.5,1,500,rf,0.08002000000000001,0.16,80.0,0.24749791737,0.91574330363,304.89,0.49233187518,0.9976110368400001,492.2,0.03371709868607703,0.07647022864932826,19.49
467,1.0,0.5,1,1000,rf,0.10546830986,0.21,209.94,0.24948895799999998,0.90616460188,605.16,0.49167753183999996,0.99908711175,985.77,0.02165937143863114,0.04091265851686127,20.7
468,1.0,0.5,2,10,rf,0.19899999999999998,1.0,10.0,0.09426984126,0.7415793651,6.72,0.19899999999999998,1.0,10.0,0.10837301587301587,0.6781944444444444,5.94
469,1.0,0.5,2,100,rf,0.1963,1.0,100.0,0.09087625967999999,0.7509601002899999,66.69,0.1963,1.0,100.0,0.02557566780902281,0.2404271142047697,19.86
470,1.0,0.5,2,500,rf,0.19862,1.0,500.0,0.09847580431000001,0.7663083186599999,340.82,0.19862,1.0,500.0,0.01099688102538796,0.0731339651948676,29.85
471,1.0,0.5,2,1000,rf,0.19699999999999998,1.0,1000.0,0.09945105476,0.77541210216,691.88,0.19699999999999998,1.0,1000.0,0.014389455383485744,0.03703833175868499,30.22
472,1.0,0.5,5,10,rf,0.01,0.03,0.3,0.19100793649,0.32391666665,2.5,0.50894444446,0.9781666666600001,9.71,0.1978333333333333,0.18304761904761904,1.38
473,1.0,0.5,5,100,rf,0.0,0.0,0.0,0.26064590433,0.13296599778,9.92,0.48434475749,0.9772380508499999,96.49,0.25746825396825396,0.0266878526052419,1.87
474,1.0,0.5,5,500,rf,0.0,0.0,0.0,0.20980273852,0.05763427501,21.3,0.50031735069,0.98435126032,489.36,0.22153968253968256,0.004821811496181997,1.81
475,1.0,0.5,5,1000,rf,0.0,0.0,0.0,0.2469392532,0.061774096869999996,46.0,0.49242062844,0.97685230859,966.98,0.19266666666666665,0.002373010295360861,1.78
476,1.0,0.5,6,10,rf,0.0,0.0,0.0,0.30196031747,0.38084126989,2.87,0.5294880952300001,0.7972823472727272,7.26,0.2475,0.21896428571428572,1.22
477,1.0,0.5,6,100,rf,0.0,0.0,0.0,0.29322148982,0.2014987417,13.25,0.4951564493,0.7366268764599999,59.54,0.23149999999999998,0.032618421056907265,1.84
478,1.0,0.5,6,500,rf,0.0,0.0,0.0,0.30783112174,0.13998925235,43.46,0.50688646196,0.7509242489400001,303.15,0.20464285714285715,0.007496804537649466,1.97
479,1.0,0.5,6,1000,rf,0.0,0.0,0.0,0.30728489787,0.13907625293,84.52,0.49745922647,0.74615089091,595.47,0.1571111111111111,0.004163699849808137,2.12
